dish_id,restaurant_id,dish_name,price,prep_time_min,tags,popularity_score
R1D1,R1,Pad Thai,14.5,14,"noodles, peanut, sweet",0.74
R1D2,R1,Green Curry,16.5,22,"spicy, curry, coconut, vegan_option",0.8
R1D3,R1,Drunken Noodles,15.99,22,"spicy, noodles, chili",0.82
R1D4,R1,Tom Yum Soup,12.0,12,"soup, spicy, lemongrass, healthy",0.61
R1D5,R1,Mango Sticky Rice,8.0,6,"dessert, sweet, fruit",0.75
R1D6,R1,Spicy Green Curry,17.14,30,"coconut, curry, spicy, vegan_option",0.8
R1D7,R1,Spicy Drunken Noodles,16.18,15,"chili, noodles, spicy",0.92
R1D8,R1,Spicy Tom Yum Soup,12.45,14,"healthy, lemongrass, soup, spicy",0.93
R1D9,R1,Spicy Tom Yum Soup,13.46,10,"healthy, lemongrass, soup, spicy",0.72
R1D10,R1,Spicy Pad Thai,13.69,17,"noodles, peanut, spicy, sweet",0.81
R1D11,R1,Spicy Mango Sticky Rice,8.44,2,"dessert, fruit, spicy, sweet",0.91
R1D12,R1,Spicy Pad Thai,14.49,15,"noodles, peanut, spicy, sweet",0.93
R1D13,R1,Spicy Mango Sticky Rice,7.25,6,"dessert, fruit, spicy, sweet",0.72
R1D14,R1,Spicy Tom Yum Soup,13.1,15,"healthy, lemongrass, soup, spicy",0.67
R1D15,R1,Spicy Mango Sticky Rice,8.95,4,"dessert, fruit, spicy, sweet",0.74
R1D16,R1,Spicy Mango Sticky Rice,8.17,4,"dessert, fruit, spicy, sweet",0.66
R1D17,R1,Spicy Green Curry,15.75,23,"coconut, curry, spicy, vegan_option",0.89
R1D18,R1,Spicy Tom Yum Soup,11.09,15,"healthy, lemongrass, soup, spicy",0.73
R1D19,R1,Spicy Green Curry,17.59,30,"coconut, curry, spicy, vegan_option",0.89
R1D20,R1,Spicy Mango Sticky Rice,8.4,7,"dessert, fruit, spicy, sweet",0.94
R2D1,R2,Classic Margherita Pizza,19.99,22,"pizza, cheese, quick",0.71
R2D2,R2,Spaghetti Carbonara,18.0,19,"pasta, creamy, pork",0.91
R2D3,R2,Lasagna Bolognese,21.5,32,"pasta, beef, rich, entree",0.68
R2D4,R2,Tiramisu,9.0,7,"dessert, coffee, sweet",0.83
R2D5,R2,Garlic Knots,7.5,13,"bread, side, appetizer",0.94
R2D6,R2,Spicy Tiramisu,9.39,4,"coffee, dessert, spicy, sweet",0.78
R2D7,R2,Spicy Lasagna Bolognese,22.11,32,"beef, entree, pasta, rich, spicy",0.67
R2D8,R2,Spicy Garlic Knots,8.18,8,"appetizer, bread, side, spicy",0.61
R2D9,R2,Spicy Tiramisu,7.59,9,"coffee, dessert, spicy, sweet",0.88
R2D10,R2,Spicy Tiramisu,9.15,4,"coffee, dessert, spicy, sweet",0.71
R2D11,R2,Spicy Garlic Knots,6.55,9,"appetizer, bread, side, spicy",0.91
R2D12,R2,Spicy Tiramisu,9.84,9,"coffee, dessert, spicy, sweet",0.64
R2D13,R2,Spicy Tiramisu,7.86,7,"coffee, dessert, spicy, sweet",0.74
R2D14,R2,Spicy Tiramisu,8.7,4,"coffee, dessert, spicy, sweet",0.78
R2D15,R2,Custom Classic Margherita Pizza,20.46,22,"cheese, custom, pizza, quick",0.66
R2D16,R2,Spicy Spaghetti Carbonara,18.24,17,"creamy, pasta, pork, spicy",0.66
R2D17,R2,Spicy Spaghetti Carbonara,18.23,18,"creamy, pasta, pork, spicy",0.64
R2D18,R2,Spicy Lasagna Bolognese,20.71,30,"beef, entree, pasta, rich, spicy",0.66
R2D19,R2,Spicy Lasagna Bolognese,21.76,31,"beef, entree, pasta, rich, spicy",0.84
R2D20,R2,Spicy Tiramisu,7.51,5,"coffee, dessert, spicy, sweet",0.81
R3D1,R3,Al Pastor Taco,4.0,10,"taco, quick, spicy, pork",0.72
R3D2,R3,Carnitas Burrito,12.0,13,"burrito, rice, beans, entree",0.98
R3D3,R3,Quesadilla Suprema,10.5,8,"cheese, chicken, quick",0.96
R3D4,R3,Chips & Guacamole,8.5,4,"appetizer, dip, vegetarian",0.76
R3D5,R3,Veggie Fajita Bowl,15.0,17,"healthy, vegan, keto, entree",0.82
R3D6,R3,Spicy Chips & Guacamole,8.12,6,"appetizer, dip, spicy, vegetarian",0.69
R3D7,R3,Spicy Chips & Guacamole,7.82,3,"appetizer, dip, spicy, vegetarian",0.72
R3D8,R3,Spicy Carnitas Burrito,11.35,9,"beans, burrito, entree, rice, spicy",0.65
R3D9,R3,Spicy Chips & Guacamole,9.96,3,"appetizer, dip, spicy, vegetarian",0.74
R3D10,R3,Spicy Veggie Fajita Bowl,15.24,19,"entree, healthy, keto, spicy, vegan",0.63
R3D11,R3,Spicy Quesadilla Suprema,9.92,11,"cheese, chicken, quick, spicy",0.74
R3D12,R3,Spicy Chips & Guacamole,7.16,3,"appetizer, dip, spicy, vegetarian",0.79
R3D13,R3,Spicy Quesadilla Suprema,9.67,9,"cheese, chicken, quick, spicy",0.88
R3D14,R3,Spicy Al Pastor Taco,5.36,5,"pork, quick, spicy, taco",0.74
R3D15,R3,Spicy Veggie Fajita Bowl,13.94,18,"entree, healthy, keto, spicy, vegan",0.79
R3D16,R3,Spicy Veggie Fajita Bowl,14.31,12,"entree, healthy, keto, spicy, vegan",0.91
R3D17,R3,Spicy Al Pastor Taco,3.49,13,"pork, quick, spicy, taco",0.73
R3D18,R3,Spicy Veggie Fajita Bowl,14.69,14,"entree, healthy, keto, spicy, vegan",0.67
R3D19,R3,Spicy Veggie Fajita Bowl,14.86,17,"entree, healthy, keto, spicy, vegan",0.9
R3D20,R3,Spicy Veggie Fajita Bowl,14.73,11,"entree, healthy, keto, spicy, vegan",0.88
R4D1,R4,The Signature Burger,14.0,20,"burger, beef, entree",0.82
R4D2,R4,Mushroom Swiss Burger,15.5,20,"burger, cheese, classic",0.96
R4D3,R4,Classic Fries,5.0,6,"side, quick, comfort_food",0.68
R4D4,R4,Milkshake (Chocolate),7.0,4,"drink, dessert, sweet",0.9
R4D5,R4,Chicken Tenders,11.0,18,"fried, chicken, quick",0.85
R4D6,R4,Shrimp Tenders,10.5,19,"fried, quick, seafood",0.67
R4D7,R4,The Signature Veggie Burger,14.22,17,"burger, entree, vegan",0.85
R4D8,R4,Spicy Classic Fries,4.53,12,"comfort_food, quick, side, spicy",0.63
R4D9,R4,The Signature Veggie Burger,14.98,21,"burger, entree, vegan",0.81
R4D10,R4,Shrimp Tenders,12.43,12,"fried, quick, seafood",0.84
R4D11,R4,Shrimp Tenders,10.21,19,"fried, quick, seafood",0.71
R4D12,R4,Shrimp Tenders,10.68,10,"fried, quick, seafood",0.61
R4D13,R4,Spicy Classic Fries,6.08,5,"comfort_food, quick, side, spicy",0.7
R4D14,R4,Mushroom Swiss Veggie Burger,16.2,15,"burger, cheese, classic",0.77
R4D15,R4,Shrimp Tenders,11.8,19,"fried, quick, seafood",0.61
R4D16,R4,Shrimp Tenders,11.19,12,"fried, quick, seafood",0.83
R4D17,R4,The Signature Veggie Burger,13.78,13,"burger, entree, vegan",0.97
R4D18,R4,Shrimp Tenders,12.08,11,"fried, quick, seafood",0.88
R4D19,R4,Mushroom Swiss Veggie Burger,16.4,21,"burger, cheese, classic",0.62
R4D20,R4,The Signature Veggie Burger,13.72,20,"burger, entree, vegan",0.97
R5D1,R5,Butter Chicken,19.5,22,"curry, chicken, creamy, sweet",0.73
R5D2,R5,Chicken Tikka Masala,18.99,28,"curry, spicy, chicken, entree",0.65
R5D3,R5,Garlic Naan,4.0,3,"bread, side, quick",0.78
R5D4,R5,Saag Paneer,16.5,17,"curry, vegetarian, spinach, cheese",0.67
R5D5,R5,Vegetable Samosas,6.0,6,"appetizer, fried, vegetarian",0.93
R5D6,R5,Shrimp Tikka Masala,18.78,26,"curry, entree, seafood, spicy",0.87
R5D7,R5,Shrimp Tikka Masala,19.73,22,"curry, entree, seafood, spicy",0.79
R5D8,R5,Spicy Vegetable Samosas,6.81,12,"appetizer, fried, spicy, vegetarian",0.96
R5D9,R5,Spicy Saag Paneer,15.43,19,"cheese, curry, spicy, spinach, vegetarian",0.95
R5D10,R5,Spicy Garlic Naan,4.85,9,"bread, quick, side, spicy",0.64
R5D11,R5,Shrimp Tikka Masala,17.83,28,"curry, entree, seafood, spicy",0.66
R5D12,R5,Spicy Garlic Naan,5.23,11,"bread, quick, side, spicy",0.88
R5D13,R5,Butter Shrimp,19.3,21,"creamy, curry, seafood, sweet",0.65
R5D14,R5,Spicy Saag Paneer,17.57,17,"cheese, curry, spicy, spinach, vegetarian",0.93
R5D15,R5,Spicy Saag Paneer,15.31,15,"cheese, curry, spicy, spinach, vegetarian",0.7
R5D16,R5,Butter Shrimp,18.51,25,"creamy, curry, seafood, sweet",0.88
R5D17,R5,Spicy Saag Paneer,17.48,24,"cheese, curry, spicy, spinach, vegetarian",0.88
R5D18,R5,Spicy Vegetable Samosas,5.53,7,"appetizer, fried, spicy, vegetarian",0.86
R5D19,R5,Spicy Vegetable Samosas,4.78,8,"appetizer, fried, spicy, vegetarian",0.69
R5D20,R5,Spicy Saag Paneer,16.6,24,"cheese, curry, spicy, spinach, vegetarian",0.89
R6D1,R6,General Tso's Chicken,14.99,13,"chinese, fried, sweet, spicy, entree",0.82
R6D2,R6,Shrimp Lo Mein,13.5,11,"chinese, noodles, seafood, quick",0.69
R6D3,R6,Beef with Broccoli,16.0,13,"chinese, beef, healthy, entree",0.67
R6D4,R6,Spring Rolls (Veg),5.5,5,"appetizer, fried, vegetarian",0.74
R6D5,R6,Pork Fried Rice,12.0,15,"rice, pork, quick",0.93
R6D6,R6,Spicy Spring Rolls (Veg),6.17,8,"appetizer, fried, spicy, vegetarian",0.66
R6D7,R6,Spicy Pork Fried Rice,10.74,15,"pork, quick, rice, spicy",0.7
R6D8,R6,General Tso's Shrimp,15.4,18,"chinese, entree, fried, spicy, sweet",0.94
R6D9,R6,Spicy Shrimp Lo Mein,12.5,11,"chinese, noodles, quick, seafood, spicy",0.75
R6D10,R6,Spicy Beef with Broccoli,16.28,14,"beef, chinese, entree, healthy, spicy",0.93
R6D11,R6,Spicy Pork Fried Rice,12.01,9,"pork, quick, rice, spicy",0.9
R6D12,R6,Spicy Shrimp Lo Mein,12.67,17,"chinese, noodles, quick, seafood, spicy",0.9
R6D13,R6,General Tso's Shrimp,15.02,12,"chinese, entree, fried, spicy, sweet",0.94
R6D14,R6,General Tso's Shrimp,15.18,17,"chinese, entree, fried, spicy, sweet",0.75
R6D15,R6,Spicy Pork Fried Rice,13.22,7,"pork, quick, rice, spicy",0.86
R6D16,R6,Spicy Beef with Broccoli,14.75,17,"beef, chinese, entree, healthy, spicy",0.71
R6D17,R6,Spicy Pork Fried Rice,12.5,12,"pork, quick, rice, spicy",0.71
R6D18,R6,Spicy Spring Rolls (Veg),4.36,7,"appetizer, fried, spicy, vegetarian",0.81
R6D19,R6,Spicy Pork Fried Rice,12.91,9,"pork, quick, rice, spicy",0.61
R6D20,R6,Spicy Pork Fried Rice,13.14,13,"pork, quick, rice, spicy",0.68
R7D1,R7,Spicy Tuna Roll,11.0,14,"sushi, raw, spicy, tuna",0.96
R7D2,R7,Salmon Nigiri (2pc),7.5,9,"sushi, raw, salmon, quick",0.96
R7D3,R7,Tonkotsu Ramen,16.0,18,"noodles, soup, pork, rich",0.63
R7D4,R7,Gyoza (Pork Dumpling),8.0,5,"dumpling, appetizer, quick",0.76
R7D5,R7,California Roll,9.5,7,"sushi, cooked, crab, quick",0.85
R7D6,R7,Spicy Spicy Tuna Roll,10.98,5,"raw, spicy, sushi, tuna",0.67
R7D7,R7,Spicy Tonkotsu Ramen,15.91,21,"noodles, pork, rich, soup, spicy",0.81
R7D8,R7,Spicy California Roll,10.27,13,"cooked, crab, quick, spicy, sushi",0.8
R7D9,R7,Spicy Tonkotsu Ramen,14.9,22,"noodles, pork, rich, soup, spicy",0.73
R7D10,R7,Spicy Spicy Tuna Roll,12.28,15,"raw, spicy, sushi, tuna",0.8
R7D11,R7,Spicy Salmon Nigiri (2pc),6.67,4,"quick, raw, salmon, spicy, sushi",0.88
R7D12,R7,Spicy Spicy Tuna Roll,10.2,15,"raw, spicy, sushi, tuna",0.8
R7D13,R7,Spicy Spicy Tuna Roll,10.29,10,"raw, spicy, sushi, tuna",0.8
R7D14,R7,Spicy Tonkotsu Ramen,17.07,20,"noodles, pork, rich, soup, spicy",0.95
R7D15,R7,Spicy Spicy Tuna Roll,12.28,8,"raw, spicy, sushi, tuna",0.66
R7D16,R7,Spicy Tonkotsu Ramen,16.65,18,"noodles, pork, rich, soup, spicy",0.92
R7D17,R7,Spicy Gyoza (Pork Dumpling),7.63,7,"appetizer, dumpling, quick, spicy",0.95
R7D18,R7,Spicy Spicy Tuna Roll,9.66,15,"raw, spicy, sushi, tuna",0.7
R7D19,R7,Spicy Spicy Tuna Roll,10.64,10,"raw, spicy, sushi, tuna",0.87
R7D20,R7,Spicy Tonkotsu Ramen,15.63,25,"noodles, pork, rich, soup, spicy",0.82
R8D1,R8,Chicken Gyro Sandwich,10.5,18,"mediterranean, sandwich, chicken, quick",0.86
R8D2,R8,Hummus with Pita,6.5,3,"dip, appetizer, vegan",0.88
R8D3,R8,Falafel Plate,14.0,19,"vegetarian, fried, chickpea, entree",0.79
R8D4,R8,Greek Salad,11.0,5,"salad, healthy, vegetarian",0.86
R8D5,R8,Lamb Kebab Plate,22.0,24,"meat, grilled, entree",0.73
R8D6,R8,Shrimp Gyro Sandwich,10.24,19,"mediterranean, quick, sandwich, seafood",0.93
R8D7,R8,Spicy Lamb Kebab Plate,21.64,26,"entree, grilled, meat, spicy",0.89
R8D8,R8,Spicy Greek Salad,9.89,13,"healthy, salad, spicy, vegetarian",0.61
R8D9,R8,Spicy Hummus with Pita,7.23,3,"appetizer, dip, spicy, vegan",0.65
R8D10,R8,Spicy Falafel Plate,13.79,17,"chickpea, entree, fried, spicy, vegetarian",0.93
R8D11,R8,Spicy Hummus with Pita,7.71,6,"appetizer, dip, spicy, vegan",0.93
R8D12,R8,Spicy Greek Salad,12.19,10,"healthy, salad, spicy, vegetarian",0.76
R8D13,R8,Spicy Greek Salad,12.49,9,"healthy, salad, spicy, vegetarian",0.88
R8D14,R8,Spicy Greek Salad,9.67,14,"healthy, salad, spicy, vegetarian",0.94
R8D15,R8,Spicy Greek Salad,11.43,11,"healthy, salad, spicy, vegetarian",0.64
R8D16,R8,Shrimp Gyro Sandwich,9.22,18,"mediterranean, quick, sandwich, seafood",0.9
R8D17,R8,Shrimp Gyro Sandwich,10.34,17,"mediterranean, quick, sandwich, seafood",0.89
R8D18,R8,Shrimp Gyro Sandwich,9.09,11,"mediterranean, quick, sandwich, seafood",0.67
R8D19,R8,Spicy Lamb Kebab Plate,21.81,22,"entree, grilled, meat, spicy",0.63
R8D20,R8,Spicy Greek Salad,9.92,15,"healthy, salad, spicy, vegetarian",0.62
R9D1,R9,Beef Pho,13.0,15,"vietnamese, soup, noodles, beef, healthy",0.85
R9D2,R9,Veggie Spring Rolls,8.0,10,"appetizer, vegan, quick, fresh",0.98
R9D3,R9,Bun Cha (Pork Noodle),15.5,20,"vietnamese, noodles, pork, grilled",0.9
R9D4,R9,Banh Mi (Chicken),9.0,13,"sandwich, quick, chicken",0.8
R9D5,R9,Vietnamese Iced Coffee,5.0,2,"drink, sweet, cold",0.88
R9D6,R9,Spicy Vietnamese Iced Coffee,3.53,4,"cold, drink, spicy, sweet",0.62
R9D7,R9,Spicy Veggie Spring Rolls,6.97,7,"appetizer, fresh, quick, spicy, vegan",0.86
R9D8,R9,Spicy Vietnamese Iced Coffee,3.8,1,"cold, drink, spicy, sweet",0.98
R9D9,R9,Spicy Bun Cha (Pork Noodle),15.07,21,"grilled, noodles, pork, spicy, vietnamese",0.92
R9D10,R9,Spicy Veggie Spring Rolls,7.53,11,"appetizer, fresh, quick, spicy, vegan",0.74
R9D11,R9,Spicy Bun Cha (Pork Noodle),14.13,24,"grilled, noodles, pork, spicy, vietnamese",0.84
R9D12,R9,Banh Mi (Shrimp),9.31,13,"quick, sandwich, seafood",0.84
R9D13,R9,Spicy Bun Cha (Pork Noodle),14.65,21,"grilled, noodles, pork, spicy, vietnamese",0.73
R9D14,R9,Spicy Bun Cha (Pork Noodle),15.07,26,"grilled, noodles, pork, spicy, vietnamese",0.9
R9D15,R9,Spicy Veggie Spring Rolls,7.52,8,"appetizer, fresh, quick, spicy, vegan",0.84
R9D16,R9,Spicy Vietnamese Iced Coffee,4.51,0,"cold, drink, spicy, sweet",0.92
R9D17,R9,Spicy Veggie Spring Rolls,6.88,11,"appetizer, fresh, quick, spicy, vegan",0.93
R9D18,R9,Banh Mi (Shrimp),8.8,6,"quick, sandwich, seafood",0.68
R9D19,R9,Spicy Beef Pho,14.4,23,"beef, healthy, noodles, soup, spicy, vietnamese",0.66
R9D20,R9,Spicy Bun Cha (Pork Noodle),16.33,23,"grilled, noodles, pork, spicy, vietnamese",0.94
R10D1,R10,Tofu Veggie Bowl,14.0,14,"vegan, healthy, tofu, gluten-free",0.81
R10D2,R10,Beyond Meat Burger,16.0,11,"vegan, burger, plant_based, entree",0.75
R10D3,R10,Acai Smoothie,9.0,9,"drink, fruit, healthy, quick",0.78
R10D4,R10,Lentil Soup,8.0,12,"soup, vegan, healthy, comfort_food",0.8
R10D5,R10,Kale Caesar Salad (Vegan),12.0,14,"salad, vegan, healthy",0.75
R10D6,R10,Spicy Tofu Veggie Bowl,13.19,13,"gluten-free, healthy, spicy, tofu, vegan",0.89
R10D7,R10,Spicy Tofu Veggie Bowl,12.79,14,"gluten-free, healthy, spicy, tofu, vegan",0.74
R10D8,R10,Spicy Tofu Veggie Bowl,13.73,8,"gluten-free, healthy, spicy, tofu, vegan",0.94
R10D9,R10,Spicy Tofu Veggie Bowl,13.65,8,"gluten-free, healthy, spicy, tofu, vegan",0.68
R10D10,R10,Spicy Acai Smoothie,8.14,3,"drink, fruit, healthy, quick, spicy",0.6
R10D11,R10,Spicy Acai Smoothie,9.63,9,"drink, fruit, healthy, quick, spicy",0.63
R10D12,R10,Spicy Tofu Veggie Bowl,12.85,5,"gluten-free, healthy, spicy, tofu, vegan",0.82
R10D13,R10,Spicy Lentil Soup,9.13,11,"comfort_food, healthy, soup, spicy, vegan",0.76
R10D14,R10,Spicy Lentil Soup,8.77,9,"comfort_food, healthy, soup, spicy, vegan",0.6
R10D15,R10,Spicy Acai Smoothie,9.16,7,"drink, fruit, healthy, quick, spicy",0.8
R10D16,R10,Beyond Meat Veggie Burger,15.63,11,"burger, entree, plant_based, vegan",0.68
R10D17,R10,Spicy Acai Smoothie,8.41,1,"drink, fruit, healthy, quick, spicy",0.8
R10D18,R10,Spicy Acai Smoothie,8.04,3,"drink, fruit, healthy, quick, spicy",0.99
R10D19,R10,Spicy Tofu Veggie Bowl,14.4,14,"gluten-free, healthy, spicy, tofu, vegan",0.81
R10D20,R10,Beyond Meat Veggie Burger,14.72,18,"burger, entree, plant_based, vegan",0.78
R11D1,R11,Pad Thai,14.5,14,"noodles, peanut, sweet",0.68
R11D2,R11,Green Curry,16.5,23,"spicy, curry, coconut, vegan_option",0.69
R11D3,R11,Drunken Noodles,15.99,21,"spicy, noodles, chili",0.79
R11D4,R11,Tom Yum Soup,12.0,10,"soup, spicy, lemongrass, healthy",0.96
R11D5,R11,Mango Sticky Rice,8.0,6,"dessert, sweet, fruit",0.76
R11D6,R11,Spicy Pad Thai,15.17,18,"noodles, peanut, spicy, sweet",0.81
R11D7,R11,Spicy Tom Yum Soup,10.99,15,"healthy, lemongrass, soup, spicy",0.67
R11D8,R11,Spicy Mango Sticky Rice,7.06,0,"dessert, fruit, spicy, sweet",0.9
R11D9,R11,Spicy Pad Thai,15.94,23,"noodles, peanut, spicy, sweet",0.62
R11D10,R11,Spicy Tom Yum Soup,13.14,16,"healthy, lemongrass, soup, spicy",0.76
R11D11,R11,Spicy Tom Yum Soup,12.0,18,"healthy, lemongrass, soup, spicy",0.76
R11D12,R11,Spicy Pad Thai,13.8,14,"noodles, peanut, spicy, sweet",0.77
R11D13,R11,Spicy Mango Sticky Rice,8.19,8,"dessert, fruit, spicy, sweet",0.65
R11D14,R11,Spicy Tom Yum Soup,11.58,12,"healthy, lemongrass, soup, spicy",0.9
R11D15,R11,Spicy Green Curry,16.16,25,"coconut, curry, spicy, vegan_option",0.9
R11D16,R11,Spicy Tom Yum Soup,11.03,10,"healthy, lemongrass, soup, spicy",0.97
R11D17,R11,Spicy Tom Yum Soup,13.5,12,"healthy, lemongrass, soup, spicy",0.65
R11D18,R11,Spicy Green Curry,17.4,22,"coconut, curry, spicy, vegan_option",0.78
R11D19,R11,Spicy Green Curry,17.16,22,"coconut, curry, spicy, vegan_option",0.77
R11D20,R11,Spicy Green Curry,16.72,26,"coconut, curry, spicy, vegan_option",0.66
R12D1,R12,Classic Margherita Pizza,19.99,29,"pizza, cheese, quick",0.9
R12D2,R12,Spaghetti Carbonara,18.0,25,"pasta, creamy, pork",0.92
R12D3,R12,Lasagna Bolognese,21.5,25,"pasta, beef, rich, entree",0.61
R12D4,R12,Tiramisu,9.0,6,"dessert, coffee, sweet",0.81
R12D5,R12,Garlic Knots,7.5,11,"bread, side, appetizer",0.7
R12D6,R12,Spicy Spaghetti Carbonara,16.7,21,"creamy, pasta, pork, spicy",0.62
R12D7,R12,Spicy Garlic Knots,6.69,12,"appetizer, bread, side, spicy",0.63
R12D8,R12,Spicy Lasagna Bolognese,23.0,26,"beef, entree, pasta, rich, spicy",0.74
R12D9,R12,Spicy Lasagna Bolognese,22.19,31,"beef, entree, pasta, rich, spicy",0.89
R12D10,R12,Spicy Lasagna Bolognese,21.35,33,"beef, entree, pasta, rich, spicy",0.77
R12D11,R12,Spicy Lasagna Bolognese,21.58,33,"beef, entree, pasta, rich, spicy",0.92
R12D12,R12,Custom Classic Margherita Pizza,20.76,25,"cheese, custom, pizza, quick",0.93
R12D13,R12,Custom Classic Margherita Pizza,20.64,28,"cheese, custom, pizza, quick",0.79
R12D14,R12,Spicy Spaghetti Carbonara,16.76,18,"creamy, pasta, pork, spicy",0.93
R12D15,R12,Spicy Lasagna Bolognese,21.68,31,"beef, entree, pasta, rich, spicy",0.77
R12D16,R12,Spicy Garlic Knots,8.81,14,"appetizer, bread, side, spicy",0.81
R12D17,R12,Spicy Lasagna Bolognese,22.3,27,"beef, entree, pasta, rich, spicy",0.79
R12D18,R12,Spicy Tiramisu,8.6,4,"coffee, dessert, spicy, sweet",0.65
R12D19,R12,Spicy Tiramisu,10.22,8,"coffee, dessert, spicy, sweet",0.85
R12D20,R12,Spicy Tiramisu,10.18,7,"coffee, dessert, spicy, sweet",0.88
R13D1,R13,Al Pastor Taco,4.0,9,"taco, quick, spicy, pork",0.63
R13D2,R13,Carnitas Burrito,12.0,17,"burrito, rice, beans, entree",0.98
R13D3,R13,Quesadilla Suprema,10.5,5,"cheese, chicken, quick",0.73
R13D4,R13,Chips & Guacamole,8.5,5,"appetizer, dip, vegetarian",0.86
R13D5,R13,Veggie Fajita Bowl,15.0,12,"healthy, vegan, keto, entree",0.66
R13D6,R13,Spicy Carnitas Burrito,11.86,8,"beans, burrito, entree, rice, spicy",0.79
R13D7,R13,Spicy Al Pastor Taco,3.65,7,"pork, quick, spicy, taco",0.84
R13D8,R13,Spicy Chips & Guacamole,7.1,8,"appetizer, dip, spicy, vegetarian",0.91
R13D9,R13,Spicy Carnitas Burrito,11.63,10,"beans, burrito, entree, rice, spicy",0.75
R13D10,R13,Spicy Quesadilla Suprema,10.1,11,"cheese, chicken, quick, spicy",0.99
R13D11,R13,Spicy Veggie Fajita Bowl,14.28,14,"entree, healthy, keto, spicy, vegan",0.65
R13D12,R13,Spicy Al Pastor Taco,2.65,8,"pork, quick, spicy, taco",0.91
R13D13,R13,Spicy Al Pastor Taco,2.73,6,"pork, quick, spicy, taco",0.7
R13D14,R13,Spicy Carnitas Burrito,13.23,12,"beans, burrito, entree, rice, spicy",0.64
R13D15,R13,Spicy Quesadilla Suprema,10.18,5,"cheese, chicken, quick, spicy",0.89
R13D16,R13,Spicy Veggie Fajita Bowl,15.9,11,"entree, healthy, keto, spicy, vegan",0.63
R13D17,R13,Spicy Quesadilla Suprema,10.18,13,"cheese, chicken, quick, spicy",0.82
R13D18,R13,Spicy Chips & Guacamole,7.84,10,"appetizer, dip, spicy, vegetarian",0.99
R13D19,R13,Spicy Veggie Fajita Bowl,14.23,12,"entree, healthy, keto, spicy, vegan",0.94
R13D20,R13,Spicy Veggie Fajita Bowl,14.98,16,"entree, healthy, keto, spicy, vegan",0.88
R14D1,R14,The Signature Burger,14.0,23,"burger, beef, entree",0.81
R14D2,R14,Mushroom Swiss Burger,15.5,15,"burger, cheese, classic",0.75
R14D3,R14,Classic Fries,5.0,8,"side, quick, comfort_food",0.66
R14D4,R14,Milkshake (Chocolate),7.0,8,"drink, dessert, sweet",0.92
R14D5,R14,Chicken Tenders,11.0,18,"fried, chicken, quick",0.64
R14D6,R14,The Signature Veggie Burger,14.38,16,"burger, entree, vegan",0.76
R14D7,R14,Spicy Classic Fries,4.91,11,"comfort_food, quick, side, spicy",0.64
R14D8,R14,Mushroom Swiss Veggie Burger,15.9,22,"burger, cheese, classic",0.87
R14D9,R14,Shrimp Tenders,10.93,10,"fried, quick, seafood",0.96
R14D10,R14,The Signature Veggie Burger,13.97,22,"burger, entree, vegan",0.65
R14D11,R14,The Signature Veggie Burger,14.79,13,"burger, entree, vegan",0.85
R14D12,R14,Spicy Classic Fries,4.03,5,"comfort_food, quick, side, spicy",0.9
R14D13,R14,Shrimp Tenders,9.58,16,"fried, quick, seafood",0.73
R14D14,R14,The Signature Veggie Burger,13.44,16,"burger, entree, vegan",0.89
R14D15,R14,Mushroom Swiss Veggie Burger,15.67,18,"burger, cheese, classic",0.67
R14D16,R14,Spicy Milkshake (Chocolate),5.63,3,"dessert, drink, spicy, sweet",0.8
R14D17,R14,Mushroom Swiss Veggie Burger,14.94,25,"burger, cheese, classic",0.88
R14D18,R14,Spicy Classic Fries,4.06,10,"comfort_food, quick, side, spicy",0.66
R14D19,R14,Spicy Milkshake (Chocolate),6.35,2,"dessert, drink, spicy, sweet",0.89
R14D20,R14,The Signature Veggie Burger,14.76,16,"burger, entree, vegan",0.97
R15D1,R15,Butter Chicken,19.5,30,"curry, chicken, creamy, sweet",0.63
R15D2,R15,Chicken Tikka Masala,18.99,21,"curry, spicy, chicken, entree",0.79
R15D3,R15,Garlic Naan,4.0,10,"bread, side, quick",0.93
R15D4,R15,Saag Paneer,16.5,17,"curry, vegetarian, spinach, cheese",0.63
R15D5,R15,Vegetable Samosas,6.0,8,"appetizer, fried, vegetarian",0.68
R15D6,R15,Spicy Saag Paneer,16.05,18,"cheese, curry, spicy, spinach, vegetarian",0.76
R15D7,R15,Butter Shrimp,18.25,24,"creamy, curry, seafood, sweet",0.61
R15D8,R15,Shrimp Tikka Masala,18.83,29,"curry, entree, seafood, spicy",0.63
R15D9,R15,Spicy Saag Paneer,15.11,20,"cheese, curry, spicy, spinach, vegetarian",0.77
R15D10,R15,Spicy Vegetable Samosas,5.08,12,"appetizer, fried, spicy, vegetarian",0.98
R15D11,R15,Butter Shrimp,20.53,26,"creamy, curry, seafood, sweet",0.99
R15D12,R15,Shrimp Tikka Masala,17.93,29,"curry, entree, seafood, spicy",0.63
R15D13,R15,Spicy Vegetable Samosas,4.85,5,"appetizer, fried, spicy, vegetarian",0.77
R15D14,R15,Butter Shrimp,18.25,28,"creamy, curry, seafood, sweet",0.62
R15D15,R15,Spicy Saag Paneer,17.79,24,"cheese, curry, spicy, spinach, vegetarian",0.87
R15D16,R15,Butter Shrimp,18.89,20,"creamy, curry, seafood, sweet",0.93
R15D17,R15,Spicy Saag Paneer,15.71,15,"cheese, curry, spicy, spinach, vegetarian",0.61
R15D18,R15,Butter Shrimp,19.52,23,"creamy, curry, seafood, sweet",0.74
R15D19,R15,Spicy Saag Paneer,15.55,20,"cheese, curry, spicy, spinach, vegetarian",0.83
R15D20,R15,Shrimp Tikka Masala,19.15,23,"curry, entree, seafood, spicy",0.79
R16D1,R16,General Tso's Chicken,14.99,13,"chinese, fried, sweet, spicy, entree",0.62
R16D2,R16,Shrimp Lo Mein,13.5,9,"chinese, noodles, seafood, quick",0.68
R16D3,R16,Beef with Broccoli,16.0,15,"chinese, beef, healthy, entree",0.65
R16D4,R16,Spring Rolls (Veg),5.5,13,"appetizer, fried, vegetarian",0.63
R16D5,R16,Pork Fried Rice,12.0,14,"rice, pork, quick",0.68
R16D6,R16,Spicy Spring Rolls (Veg),4.29,5,"appetizer, fried, spicy, vegetarian",0.81
R16D7,R16,Spicy Spring Rolls (Veg),4.73,9,"appetizer, fried, spicy, vegetarian",0.9
R16D8,R16,Spicy Spring Rolls (Veg),6.38,3,"appetizer, fried, spicy, vegetarian",0.97
R16D9,R16,Spicy Spring Rolls (Veg),6.71,8,"appetizer, fried, spicy, vegetarian",0.71
R16D10,R16,Spicy Beef with Broccoli,16.84,22,"beef, chinese, entree, healthy, spicy",0.68
R16D11,R16,Spicy Spring Rolls (Veg),5.05,3,"appetizer, fried, spicy, vegetarian",0.95
R16D12,R16,Spicy Beef with Broccoli,16.83,20,"beef, chinese, entree, healthy, spicy",0.82
R16D13,R16,General Tso's Shrimp,15.61,14,"chinese, entree, fried, spicy, sweet",0.86
R16D14,R16,Spicy Shrimp Lo Mein,14.36,14,"chinese, noodles, quick, seafood, spicy",0.82
R16D15,R16,Spicy Beef with Broccoli,17.2,22,"beef, chinese, entree, healthy, spicy",0.83
R16D16,R16,Spicy Beef with Broccoli,15.14,19,"beef, chinese, entree, healthy, spicy",0.95
R16D17,R16,Spicy Spring Rolls (Veg),5.82,5,"appetizer, fried, spicy, vegetarian",0.73
R16D18,R16,Spicy Pork Fried Rice,12.13,7,"pork, quick, rice, spicy",0.61
R16D19,R16,Spicy Shrimp Lo Mein,13.9,11,"chinese, noodles, quick, seafood, spicy",0.81
R16D20,R16,Spicy Beef with Broccoli,15.08,18,"beef, chinese, entree, healthy, spicy",0.61
R17D1,R17,Spicy Tuna Roll,11.0,7,"sushi, raw, spicy, tuna",0.9
R17D2,R17,Salmon Nigiri (2pc),7.5,0,"sushi, raw, salmon, quick",0.81
R17D3,R17,Tonkotsu Ramen,16.0,18,"noodles, soup, pork, rich",0.7
R17D4,R17,Gyoza (Pork Dumpling),8.0,7,"dumpling, appetizer, quick",0.94
R17D5,R17,California Roll,9.5,10,"sushi, cooked, crab, quick",0.76
R17D6,R17,Spicy Salmon Nigiri (2pc),8.59,2,"quick, raw, salmon, spicy, sushi",0.96
R17D7,R17,Spicy Tonkotsu Ramen,16.2,20,"noodles, pork, rich, soup, spicy",0.65
R17D8,R17,Spicy Spicy Tuna Roll,11.89,11,"raw, spicy, sushi, tuna",0.82
R17D9,R17,Spicy California Roll,9.3,15,"cooked, crab, quick, spicy, sushi",0.72
R17D10,R17,Spicy Gyoza (Pork Dumpling),9.34,14,"appetizer, dumpling, quick, spicy",0.88
R17D11,R17,Spicy California Roll,8.95,10,"cooked, crab, quick, spicy, sushi",0.78
R17D12,R17,Spicy Spicy Tuna Roll,11.63,12,"raw, spicy, sushi, tuna",0.65
R17D13,R17,Spicy Spicy Tuna Roll,10.27,6,"raw, spicy, sushi, tuna",0.9
R17D14,R17,Spicy Tonkotsu Ramen,14.51,20,"noodles, pork, rich, soup, spicy",0.9
R17D15,R17,Spicy Tonkotsu Ramen,16.75,22,"noodles, pork, rich, soup, spicy",0.67
R17D16,R17,Spicy Salmon Nigiri (2pc),6.51,7,"quick, raw, salmon, spicy, sushi",0.61
R17D17,R17,Spicy Tonkotsu Ramen,16.53,19,"noodles, pork, rich, soup, spicy",0.67
R17D18,R17,Spicy Spicy Tuna Roll,11.99,10,"raw, spicy, sushi, tuna",0.97
R17D19,R17,Spicy Gyoza (Pork Dumpling),8.29,5,"appetizer, dumpling, quick, spicy",0.85
R17D20,R17,Spicy Salmon Nigiri (2pc),7.51,7,"quick, raw, salmon, spicy, sushi",0.83
R18D1,R18,Chicken Gyro Sandwich,10.5,14,"mediterranean, sandwich, chicken, quick",0.91
R18D2,R18,Hummus with Pita,6.5,6,"dip, appetizer, vegan",0.94
R18D3,R18,Falafel Plate,14.0,13,"vegetarian, fried, chickpea, entree",0.92
R18D4,R18,Greek Salad,11.0,9,"salad, healthy, vegetarian",0.8
R18D5,R18,Lamb Kebab Plate,22.0,30,"meat, grilled, entree",0.62
R18D6,R18,Shrimp Gyro Sandwich,9.14,18,"mediterranean, quick, sandwich, seafood",0.61
R18D7,R18,Shrimp Gyro Sandwich,10.08,18,"mediterranean, quick, sandwich, seafood",0.61
R18D8,R18,Spicy Greek Salad,11.3,9,"healthy, salad, spicy, vegetarian",0.86
R18D9,R18,Spicy Hummus with Pita,5.26,3,"appetizer, dip, spicy, vegan",0.74
R18D10,R18,Spicy Falafel Plate,12.9,17,"chickpea, entree, fried, spicy, vegetarian",0.73
R18D11,R18,Shrimp Gyro Sandwich,10.4,18,"mediterranean, quick, sandwich, seafood",0.81
R18D12,R18,Shrimp Gyro Sandwich,9.29,13,"mediterranean, quick, sandwich, seafood",0.86
R18D13,R18,Shrimp Gyro Sandwich,10.92,12,"mediterranean, quick, sandwich, seafood",0.72
R18D14,R18,Spicy Greek Salad,12.07,13,"healthy, salad, spicy, vegetarian",0.78
R18D15,R18,Spicy Hummus with Pita,6.35,4,"appetizer, dip, spicy, vegan",0.77
R18D16,R18,Shrimp Gyro Sandwich,9.08,18,"mediterranean, quick, sandwich, seafood",0.86
R18D17,R18,Spicy Greek Salad,10.03,5,"healthy, salad, spicy, vegetarian",0.95
R18D18,R18,Spicy Lamb Kebab Plate,21.42,21,"entree, grilled, meat, spicy",0.84
R18D19,R18,Shrimp Gyro Sandwich,10.41,14,"mediterranean, quick, sandwich, seafood",0.9
R18D20,R18,Spicy Hummus with Pita,7.11,9,"appetizer, dip, spicy, vegan",0.83
R19D1,R19,Beef Pho,13.0,22,"vietnamese, soup, noodles, beef, healthy",0.74
R19D2,R19,Veggie Spring Rolls,8.0,13,"appetizer, vegan, quick, fresh",0.73
R19D3,R19,Bun Cha (Pork Noodle),15.5,17,"vietnamese, noodles, pork, grilled",0.78
R19D4,R19,Banh Mi (Chicken),9.0,12,"sandwich, quick, chicken",0.98
R19D5,R19,Vietnamese Iced Coffee,5.0,10,"drink, sweet, cold",0.71
R19D6,R19,Spicy Veggie Spring Rolls,6.6,9,"appetizer, fresh, quick, spicy, vegan",0.64
R19D7,R19,Spicy Veggie Spring Rolls,7.26,8,"appetizer, fresh, quick, spicy, vegan",0.6
R19D8,R19,Spicy Veggie Spring Rolls,7.78,8,"appetizer, fresh, quick, spicy, vegan",0.77
R19D9,R19,Spicy Bun Cha (Pork Noodle),14.78,27,"grilled, noodles, pork, spicy, vietnamese",0.71
R19D10,R19,Spicy Bun Cha (Pork Noodle),15.42,22,"grilled, noodles, pork, spicy, vietnamese",0.69
R19D11,R19,Banh Mi (Shrimp),10.39,6,"quick, sandwich, seafood",0.89
R19D12,R19,Spicy Vietnamese Iced Coffee,5.56,3,"cold, drink, spicy, sweet",0.72
R19D13,R19,Spicy Bun Cha (Pork Noodle),16.64,19,"grilled, noodles, pork, spicy, vietnamese",0.68
R19D14,R19,Spicy Beef Pho,13.25,18,"beef, healthy, noodles, soup, spicy, vietnamese",0.62
R19D15,R19,Spicy Beef Pho,14.08,20,"beef, healthy, noodles, soup, spicy, vietnamese",0.63
R19D16,R19,Spicy Veggie Spring Rolls,7.95,6,"appetizer, fresh, quick, spicy, vegan",0.89
R19D17,R19,Banh Mi (Shrimp),9.45,5,"quick, sandwich, seafood",0.98
R19D18,R19,Spicy Bun Cha (Pork Noodle),15.4,21,"grilled, noodles, pork, spicy, vietnamese",0.94
R19D19,R19,Spicy Beef Pho,14.07,18,"beef, healthy, noodles, soup, spicy, vietnamese",0.84
R19D20,R19,Banh Mi (Shrimp),9.77,9,"quick, sandwich, seafood",0.86
R20D1,R20,Tofu Veggie Bowl,14.0,5,"vegan, healthy, tofu, gluten-free",0.66
R20D2,R20,Beyond Meat Burger,16.0,15,"vegan, burger, plant_based, entree",0.69
R20D3,R20,Acai Smoothie,9.0,7,"drink, fruit, healthy, quick",0.64
R20D4,R20,Lentil Soup,8.0,11,"soup, vegan, healthy, comfort_food",0.78
R20D5,R20,Kale Caesar Salad (Vegan),12.0,13,"salad, vegan, healthy",0.64
R20D6,R20,Spicy Lentil Soup,7.49,9,"comfort_food, healthy, soup, spicy, vegan",0.7
R20D7,R20,Spicy Acai Smoothie,9.39,0,"drink, fruit, healthy, quick, spicy",0.61
R20D8,R20,Spicy Acai Smoothie,7.87,0,"drink, fruit, healthy, quick, spicy",0.87
R20D9,R20,Beyond Meat Veggie Burger,14.56,10,"burger, entree, plant_based, vegan",0.96
R20D10,R20,Spicy Lentil Soup,7.44,9,"comfort_food, healthy, soup, spicy, vegan",0.79
R20D11,R20,Spicy Tofu Veggie Bowl,13.23,13,"gluten-free, healthy, spicy, tofu, vegan",0.69
R20D12,R20,Spicy Acai Smoothie,9.33,9,"drink, fruit, healthy, quick, spicy",0.81
R20D13,R20,Spicy Acai Smoothie,8.82,8,"drink, fruit, healthy, quick, spicy",0.74
R20D14,R20,Spicy Lentil Soup,8.38,13,"comfort_food, healthy, soup, spicy, vegan",0.84
R20D15,R20,Spicy Acai Smoothie,9.82,1,"drink, fruit, healthy, quick, spicy",0.75
R20D16,R20,Spicy Lentil Soup,7.39,8,"comfort_food, healthy, soup, spicy, vegan",0.98
R20D17,R20,Beyond Meat Veggie Burger,16.45,17,"burger, entree, plant_based, vegan",0.74
R20D18,R20,Spicy Acai Smoothie,8.2,5,"drink, fruit, healthy, quick, spicy",0.62
R20D19,R20,Spicy Lentil Soup,9.3,9,"comfort_food, healthy, soup, spicy, vegan",0.76
R20D20,R20,Spicy Lentil Soup,6.89,5,"comfort_food, healthy, soup, spicy, vegan",0.88
R21D1,R21,Pad Thai,14.5,13,"noodles, peanut, sweet",0.61
R21D2,R21,Green Curry,16.5,26,"spicy, curry, coconut, vegan_option",0.69
R21D3,R21,Drunken Noodles,15.99,18,"spicy, noodles, chili",0.77
R21D4,R21,Tom Yum Soup,12.0,20,"soup, spicy, lemongrass, healthy",0.95
R21D5,R21,Mango Sticky Rice,8.0,10,"dessert, sweet, fruit",0.68
R21D6,R21,Spicy Mango Sticky Rice,6.76,0,"dessert, fruit, spicy, sweet",0.9
R21D7,R21,Spicy Drunken Noodles,15.52,20,"chili, noodles, spicy",0.64
R21D8,R21,Spicy Green Curry,15.49,22,"coconut, curry, spicy, vegan_option",0.63
R21D9,R21,Spicy Mango Sticky Rice,7.7,7,"dessert, fruit, spicy, sweet",0.7
R21D10,R21,Spicy Drunken Noodles,17.26,17,"chili, noodles, spicy",0.89
R21D11,R21,Spicy Pad Thai,14.68,21,"noodles, peanut, spicy, sweet",0.88
R21D12,R21,Spicy Pad Thai,14.39,23,"noodles, peanut, spicy, sweet",0.81
R21D13,R21,Spicy Green Curry,16.11,25,"coconut, curry, spicy, vegan_option",0.62
R21D14,R21,Spicy Drunken Noodles,17.35,15,"chili, noodles, spicy",0.97
R21D15,R21,Spicy Tom Yum Soup,12.02,14,"healthy, lemongrass, soup, spicy",0.87
R21D16,R21,Spicy Drunken Noodles,16.44,18,"chili, noodles, spicy",0.88
R21D17,R21,Spicy Tom Yum Soup,10.54,15,"healthy, lemongrass, soup, spicy",0.76
R21D18,R21,Spicy Green Curry,15.73,27,"coconut, curry, spicy, vegan_option",0.81
R21D19,R21,Spicy Drunken Noodles,14.96,19,"chili, noodles, spicy",0.86
R21D20,R21,Spicy Tom Yum Soup,13.16,19,"healthy, lemongrass, soup, spicy",0.61
R22D1,R22,Classic Margherita Pizza,19.99,30,"pizza, cheese, quick",0.63
R22D2,R22,Spaghetti Carbonara,18.0,24,"pasta, creamy, pork",0.64
R22D3,R22,Lasagna Bolognese,21.5,29,"pasta, beef, rich, entree",0.96
R22D4,R22,Tiramisu,9.0,0,"dessert, coffee, sweet",0.82
R22D5,R22,Garlic Knots,7.5,10,"bread, side, appetizer",0.6
R22D6,R22,Spicy Tiramisu,8.84,8,"coffee, dessert, spicy, sweet",0.98
R22D7,R22,Spicy Garlic Knots,6.11,7,"appetizer, bread, side, spicy",0.69
R22D8,R22,Spicy Spaghetti Carbonara,18.76,20,"creamy, pasta, pork, spicy",0.91
R22D9,R22,Spicy Lasagna Bolognese,23.0,28,"beef, entree, pasta, rich, spicy",0.88
R22D10,R22,Spicy Spaghetti Carbonara,18.97,23,"creamy, pasta, pork, spicy",0.8
R22D11,R22,Custom Classic Margherita Pizza,19.7,21,"cheese, custom, pizza, quick",0.73
R22D12,R22,Spicy Spaghetti Carbonara,19.26,16,"creamy, pasta, pork, spicy",0.97
R22D13,R22,Spicy Garlic Knots,8.68,8,"appetizer, bread, side, spicy",0.78
R22D14,R22,Spicy Lasagna Bolognese,20.33,33,"beef, entree, pasta, rich, spicy",0.9
R22D15,R22,Spicy Spaghetti Carbonara,18.8,24,"creamy, pasta, pork, spicy",0.76
R22D16,R22,Custom Classic Margherita Pizza,19.56,30,"cheese, custom, pizza, quick",0.71
R22D17,R22,Spicy Tiramisu,9.27,8,"coffee, dessert, spicy, sweet",0.91
R22D18,R22,Spicy Spaghetti Carbonara,17.34,16,"creamy, pasta, pork, spicy",0.63
R22D19,R22,Spicy Lasagna Bolognese,21.75,35,"beef, entree, pasta, rich, spicy",0.9
R22D20,R22,Spicy Lasagna Bolognese,20.01,32,"beef, entree, pasta, rich, spicy",0.71
R23D1,R23,Al Pastor Taco,4.0,7,"taco, quick, spicy, pork",0.86
R23D2,R23,Carnitas Burrito,12.0,8,"burrito, rice, beans, entree",0.85
R23D3,R23,Quesadilla Suprema,10.5,8,"cheese, chicken, quick",0.81
R23D4,R23,Chips & Guacamole,8.5,3,"appetizer, dip, vegetarian",0.84
R23D5,R23,Veggie Fajita Bowl,15.0,11,"healthy, vegan, keto, entree",0.67
R23D6,R23,Spicy Carnitas Burrito,11.97,11,"beans, burrito, entree, rice, spicy",0.67
R23D7,R23,Spicy Al Pastor Taco,4.58,3,"pork, quick, spicy, taco",0.89
R23D8,R23,Spicy Carnitas Burrito,11.73,17,"beans, burrito, entree, rice, spicy",0.69
R23D9,R23,Spicy Veggie Fajita Bowl,14.61,16,"entree, healthy, keto, spicy, vegan",0.67
R23D10,R23,Spicy Carnitas Burrito,11.81,9,"beans, burrito, entree, rice, spicy",0.94
R23D11,R23,Spicy Carnitas Burrito,11.36,9,"beans, burrito, entree, rice, spicy",0.62
R23D12,R23,Spicy Quesadilla Suprema,10.09,5,"cheese, chicken, quick, spicy",0.85
R23D13,R23,Spicy Chips & Guacamole,8.91,7,"appetizer, dip, spicy, vegetarian",0.63
R23D14,R23,Spicy Chips & Guacamole,9.0,2,"appetizer, dip, spicy, vegetarian",0.72
R23D15,R23,Spicy Carnitas Burrito,13.42,8,"beans, burrito, entree, rice, spicy",0.74
R23D16,R23,Spicy Chips & Guacamole,9.9,5,"appetizer, dip, spicy, vegetarian",0.85
R23D17,R23,Spicy Chips & Guacamole,9.03,5,"appetizer, dip, spicy, vegetarian",0.65
R23D18,R23,Spicy Veggie Fajita Bowl,15.09,16,"entree, healthy, keto, spicy, vegan",0.87
R23D19,R23,Spicy Carnitas Burrito,13.07,17,"beans, burrito, entree, rice, spicy",0.66
R23D20,R23,Spicy Veggie Fajita Bowl,15.06,20,"entree, healthy, keto, spicy, vegan",0.9
R24D1,R24,The Signature Burger,14.0,16,"burger, beef, entree",0.74
R24D2,R24,Mushroom Swiss Burger,15.5,22,"burger, cheese, classic",0.6
R24D3,R24,Classic Fries,5.0,15,"side, quick, comfort_food",0.96
R24D4,R24,Milkshake (Chocolate),7.0,3,"drink, dessert, sweet",0.97
R24D5,R24,Chicken Tenders,11.0,15,"fried, chicken, quick",0.8
R24D6,R24,The Signature Veggie Burger,15.44,13,"burger, entree, vegan",0.96
R24D7,R24,Spicy Classic Fries,5.71,14,"comfort_food, quick, side, spicy",0.83
R24D8,R24,Mushroom Swiss Veggie Burger,14.65,21,"burger, cheese, classic",0.68
R24D9,R24,Spicy Classic Fries,4.45,9,"comfort_food, quick, side, spicy",0.8
R24D10,R24,The Signature Veggie Burger,13.45,15,"burger, entree, vegan",0.82
R24D11,R24,Spicy Milkshake (Chocolate),8.2,9,"dessert, drink, spicy, sweet",0.88
R24D12,R24,Shrimp Tenders,10.42,19,"fried, quick, seafood",0.71
R24D13,R24,The Signature Veggie Burger,12.71,15,"burger, entree, vegan",0.93
R24D14,R24,Spicy Milkshake (Chocolate),7.58,6,"dessert, drink, spicy, sweet",0.65
R24D15,R24,Spicy Classic Fries,5.97,7,"comfort_food, quick, side, spicy",0.86
R24D16,R24,Spicy Milkshake (Chocolate),7.9,0,"dessert, drink, spicy, sweet",0.94
R24D17,R24,The Signature Veggie Burger,13.9,16,"burger, entree, vegan",0.85
R24D18,R24,The Signature Veggie Burger,12.82,21,"burger, entree, vegan",0.75
R24D19,R24,Spicy Milkshake (Chocolate),7.86,10,"dessert, drink, spicy, sweet",0.75
R24D20,R24,Spicy Classic Fries,4.95,11,"comfort_food, quick, side, spicy",0.72
R25D1,R25,Butter Chicken,19.5,28,"curry, chicken, creamy, sweet",0.66
R25D2,R25,Chicken Tikka Masala,18.99,30,"curry, spicy, chicken, entree",0.63
R25D3,R25,Garlic Naan,4.0,13,"bread, side, quick",0.69
R25D4,R25,Saag Paneer,16.5,18,"curry, vegetarian, spinach, cheese",0.74
R25D5,R25,Vegetable Samosas,6.0,15,"appetizer, fried, vegetarian",0.68
R25D6,R25,Butter Shrimp,19.18,23,"creamy, curry, seafood, sweet",0.79
R25D7,R25,Butter Shrimp,18.99,28,"creamy, curry, seafood, sweet",0.9
R25D8,R25,Spicy Vegetable Samosas,6.92,10,"appetizer, fried, spicy, vegetarian",0.88
R25D9,R25,Butter Shrimp,19.54,30,"creamy, curry, seafood, sweet",0.92
R25D10,R25,Spicy Vegetable Samosas,7.33,13,"appetizer, fried, spicy, vegetarian",0.7
R25D11,R25,Butter Shrimp,18.84,27,"creamy, curry, seafood, sweet",0.91
R25D12,R25,Shrimp Tikka Masala,20.01,22,"curry, entree, seafood, spicy",0.61
R25D13,R25,Spicy Saag Paneer,15.24,18,"cheese, curry, spicy, spinach, vegetarian",0.89
R25D14,R25,Spicy Garlic Naan,4.78,8,"bread, quick, side, spicy",0.73
R25D15,R25,Shrimp Tikka Masala,18.0,26,"curry, entree, seafood, spicy",0.72
R25D16,R25,Butter Shrimp,18.15,20,"creamy, curry, seafood, sweet",0.66
R25D17,R25,Spicy Vegetable Samosas,6.81,9,"appetizer, fried, spicy, vegetarian",0.9
R25D18,R25,Butter Shrimp,20.02,28,"creamy, curry, seafood, sweet",0.67
R25D19,R25,Spicy Vegetable Samosas,4.67,9,"appetizer, fried, spicy, vegetarian",0.76
R25D20,R25,Butter Shrimp,19.64,27,"creamy, curry, seafood, sweet",0.88
R26D1,R26,General Tso's Chicken,14.99,17,"chinese, fried, sweet, spicy, entree",0.77
R26D2,R26,Shrimp Lo Mein,13.5,8,"chinese, noodles, seafood, quick",0.85
R26D3,R26,Beef with Broccoli,16.0,19,"chinese, beef, healthy, entree",0.8
R26D4,R26,Spring Rolls (Veg),5.5,13,"appetizer, fried, vegetarian",0.7
R26D5,R26,Pork Fried Rice,12.0,5,"rice, pork, quick",0.8
R26D6,R26,Spicy Shrimp Lo Mein,12.71,14,"chinese, noodles, quick, seafood, spicy",0.78
R26D7,R26,Spicy Pork Fried Rice,11.15,7,"pork, quick, rice, spicy",0.98
R26D8,R26,Spicy Shrimp Lo Mein,14.9,14,"chinese, noodles, quick, seafood, spicy",0.87
R26D9,R26,Spicy Spring Rolls (Veg),5.43,10,"appetizer, fried, spicy, vegetarian",0.85
R26D10,R26,Spicy Shrimp Lo Mein,14.77,12,"chinese, noodles, quick, seafood, spicy",0.63
R26D11,R26,Spicy Shrimp Lo Mein,13.15,14,"chinese, noodles, quick, seafood, spicy",0.7
R26D12,R26,Spicy Shrimp Lo Mein,13.02,8,"chinese, noodles, quick, seafood, spicy",0.72
R26D13,R26,Spicy Spring Rolls (Veg),4.41,3,"appetizer, fried, spicy, vegetarian",0.63
R26D14,R26,Spicy Shrimp Lo Mein,13.14,7,"chinese, noodles, quick, seafood, spicy",0.75
R26D15,R26,Spicy Shrimp Lo Mein,14.97,17,"chinese, noodles, quick, seafood, spicy",0.61
R26D16,R26,General Tso's Shrimp,13.85,11,"chinese, entree, fried, spicy, sweet",0.82
R26D17,R26,General Tso's Shrimp,14.56,15,"chinese, entree, fried, spicy, sweet",0.99
R26D18,R26,Spicy Beef with Broccoli,16.75,20,"beef, chinese, entree, healthy, spicy",0.62
R26D19,R26,Spicy Beef with Broccoli,16.8,22,"beef, chinese, entree, healthy, spicy",0.63
R26D20,R26,Spicy Spring Rolls (Veg),4.66,8,"appetizer, fried, spicy, vegetarian",0.8
R27D1,R27,Spicy Tuna Roll,11.0,5,"sushi, raw, spicy, tuna",0.76
R27D2,R27,Salmon Nigiri (2pc),7.5,6,"sushi, raw, salmon, quick",0.7
R27D3,R27,Tonkotsu Ramen,16.0,19,"noodles, soup, pork, rich",0.89
R27D4,R27,Gyoza (Pork Dumpling),8.0,7,"dumpling, appetizer, quick",0.91
R27D5,R27,California Roll,9.5,14,"sushi, cooked, crab, quick",0.88
R27D6,R27,Spicy Tonkotsu Ramen,15.26,19,"noodles, pork, rich, soup, spicy",0.72
R27D7,R27,Spicy Tonkotsu Ramen,15.19,22,"noodles, pork, rich, soup, spicy",0.73
R27D8,R27,Spicy Spicy Tuna Roll,11.1,10,"raw, spicy, sushi, tuna",0.65
R27D9,R27,Spicy Spicy Tuna Roll,10.28,13,"raw, spicy, sushi, tuna",0.77
R27D10,R27,Spicy Spicy Tuna Roll,11.99,7,"raw, spicy, sushi, tuna",0.69
R27D11,R27,Spicy Spicy Tuna Roll,10.06,5,"raw, spicy, sushi, tuna",0.86
R27D12,R27,Spicy California Roll,8.0,6,"cooked, crab, quick, spicy, sushi",0.68
R27D13,R27,Spicy Tonkotsu Ramen,16.84,17,"noodles, pork, rich, soup, spicy",0.93
R27D14,R27,Spicy California Roll,8.9,5,"cooked, crab, quick, spicy, sushi",0.92
R27D15,R27,Spicy Salmon Nigiri (2pc),7.76,4,"quick, raw, salmon, spicy, sushi",0.88
R27D16,R27,Spicy California Roll,10.52,15,"cooked, crab, quick, spicy, sushi",0.74
R27D17,R27,Spicy Spicy Tuna Roll,11.76,12,"raw, spicy, sushi, tuna",0.7
R27D18,R27,Spicy Tonkotsu Ramen,16.93,25,"noodles, pork, rich, soup, spicy",0.77
R27D19,R27,Spicy Gyoza (Pork Dumpling),8.99,13,"appetizer, dumpling, quick, spicy",0.74
R27D20,R27,Spicy Tonkotsu Ramen,14.81,15,"noodles, pork, rich, soup, spicy",0.73
R28D1,R28,Chicken Gyro Sandwich,10.5,11,"mediterranean, sandwich, chicken, quick",0.76
R28D2,R28,Hummus with Pita,6.5,2,"dip, appetizer, vegan",0.94
R28D3,R28,Falafel Plate,14.0,16,"vegetarian, fried, chickpea, entree",0.7
R28D4,R28,Greek Salad,11.0,12,"salad, healthy, vegetarian",0.88
R28D5,R28,Lamb Kebab Plate,22.0,25,"meat, grilled, entree",0.77
R28D6,R28,Spicy Falafel Plate,15.32,16,"chickpea, entree, fried, spicy, vegetarian",0.79
R28D7,R28,Spicy Greek Salad,12.4,14,"healthy, salad, spicy, vegetarian",0.73
R28D8,R28,Spicy Greek Salad,11.91,9,"healthy, salad, spicy, vegetarian",0.88
R28D9,R28,Spicy Lamb Kebab Plate,23.08,30,"entree, grilled, meat, spicy",0.65
R28D10,R28,Spicy Hummus with Pita,6.93,7,"appetizer, dip, spicy, vegan",0.9
R28D11,R28,Spicy Hummus with Pita,5.44,3,"appetizer, dip, spicy, vegan",0.75
R28D12,R28,Spicy Hummus with Pita,6.6,8,"appetizer, dip, spicy, vegan",0.62
R28D13,R28,Spicy Hummus with Pita,5.18,3,"appetizer, dip, spicy, vegan",0.73
R28D14,R28,Spicy Falafel Plate,15.2,20,"chickpea, entree, fried, spicy, vegetarian",0.61
R28D15,R28,Spicy Hummus with Pita,6.18,6,"appetizer, dip, spicy, vegan",0.89
R28D16,R28,Spicy Hummus with Pita,6.59,7,"appetizer, dip, spicy, vegan",0.77
R28D17,R28,Spicy Greek Salad,11.52,9,"healthy, salad, spicy, vegetarian",0.91
R28D18,R28,Spicy Lamb Kebab Plate,21.36,29,"entree, grilled, meat, spicy",0.83
R28D19,R28,Spicy Falafel Plate,14.99,15,"chickpea, entree, fried, spicy, vegetarian",0.92
R28D20,R28,Spicy Hummus with Pita,6.75,6,"appetizer, dip, spicy, vegan",0.66
R29D1,R29,Beef Pho,13.0,24,"vietnamese, soup, noodles, beef, healthy",0.76
R29D2,R29,Veggie Spring Rolls,8.0,9,"appetizer, vegan, quick, fresh",0.94
R29D3,R29,Bun Cha (Pork Noodle),15.5,27,"vietnamese, noodles, pork, grilled",0.78
R29D4,R29,Banh Mi (Chicken),9.0,15,"sandwich, quick, chicken",0.61
R29D5,R29,Vietnamese Iced Coffee,5.0,6,"drink, sweet, cold",0.8
R29D6,R29,Spicy Vietnamese Iced Coffee,4.64,3,"cold, drink, spicy, sweet",0.8
R29D7,R29,Spicy Veggie Spring Rolls,6.88,5,"appetizer, fresh, quick, spicy, vegan",0.7
R29D8,R29,Spicy Beef Pho,13.16,23,"beef, healthy, noodles, soup, spicy, vietnamese",0.97
R29D9,R29,Spicy Bun Cha (Pork Noodle),15.24,23,"grilled, noodles, pork, spicy, vietnamese",0.61
R29D10,R29,Spicy Beef Pho,13.25,22,"beef, healthy, noodles, soup, spicy, vietnamese",0.94
R29D11,R29,Spicy Bun Cha (Pork Noodle),15.7,26,"grilled, noodles, pork, spicy, vietnamese",0.87
R29D12,R29,Spicy Vietnamese Iced Coffee,3.8,8,"cold, drink, spicy, sweet",0.6
R29D13,R29,Spicy Vietnamese Iced Coffee,5.91,4,"cold, drink, spicy, sweet",0.75
R29D14,R29,Spicy Bun Cha (Pork Noodle),16.81,19,"grilled, noodles, pork, spicy, vietnamese",0.68
R29D15,R29,Spicy Veggie Spring Rolls,7.35,13,"appetizer, fresh, quick, spicy, vegan",0.73
R29D16,R29,Banh Mi (Shrimp),10.33,15,"quick, sandwich, seafood",0.63
R29D17,R29,Spicy Vietnamese Iced Coffee,6.39,5,"cold, drink, spicy, sweet",0.74
R29D18,R29,Spicy Vietnamese Iced Coffee,6.19,10,"cold, drink, spicy, sweet",0.99
R29D19,R29,Spicy Beef Pho,13.03,18,"beef, healthy, noodles, soup, spicy, vietnamese",0.69
R29D20,R29,Spicy Vietnamese Iced Coffee,3.94,2,"cold, drink, spicy, sweet",0.86
R30D1,R30,Tofu Veggie Bowl,14.0,15,"vegan, healthy, tofu, gluten-free",0.77
R30D2,R30,Beyond Meat Burger,16.0,11,"vegan, burger, plant_based, entree",0.66
R30D3,R30,Acai Smoothie,9.0,1,"drink, fruit, healthy, quick",0.88
R30D4,R30,Lentil Soup,8.0,15,"soup, vegan, healthy, comfort_food",0.84
R30D5,R30,Kale Caesar Salad (Vegan),12.0,8,"salad, vegan, healthy",0.97
R30D6,R30,Spicy Acai Smoothie,8.1,5,"drink, fruit, healthy, quick, spicy",0.82
R30D7,R30,Spicy Acai Smoothie,9.4,1,"drink, fruit, healthy, quick, spicy",0.75
R30D8,R30,Spicy Lentil Soup,8.32,12,"comfort_food, healthy, soup, spicy, vegan",0.85
R30D9,R30,Beyond Meat Veggie Burger,15.19,19,"burger, entree, plant_based, vegan",0.94
R30D10,R30,Spicy Kale Caesar Salad (Vegan),11.68,9,"healthy, salad, spicy, vegan",0.9
R30D11,R30,Spicy Tofu Veggie Bowl,14.4,14,"gluten-free, healthy, spicy, tofu, vegan",0.67
R30D12,R30,Beyond Meat Veggie Burger,17.29,10,"burger, entree, plant_based, vegan",0.92
R30D13,R30,Spicy Kale Caesar Salad (Vegan),11.64,15,"healthy, salad, spicy, vegan",0.64
R30D14,R30,Spicy Acai Smoothie,8.26,5,"drink, fruit, healthy, quick, spicy",0.83
R30D15,R30,Spicy Acai Smoothie,9.51,2,"drink, fruit, healthy, quick, spicy",0.83
R30D16,R30,Spicy Kale Caesar Salad (Vegan),12.82,5,"healthy, salad, spicy, vegan",0.9
R30D17,R30,Beyond Meat Veggie Burger,16.04,18,"burger, entree, plant_based, vegan",0.97
R30D18,R30,Spicy Acai Smoothie,9.11,10,"drink, fruit, healthy, quick, spicy",0.74
R30D19,R30,Beyond Meat Veggie Burger,17.38,10,"burger, entree, plant_based, vegan",0.79
R30D20,R30,Spicy Tofu Veggie Bowl,13.59,13,"gluten-free, healthy, spicy, tofu, vegan",0.65
R31D1,R31,Pad Thai,14.5,19,"noodles, peanut, sweet",0.68
R31D2,R31,Green Curry,16.5,30,"spicy, curry, coconut, vegan_option",0.7
R31D3,R31,Drunken Noodles,15.99,15,"spicy, noodles, chili",0.66
R31D4,R31,Tom Yum Soup,12.0,17,"soup, spicy, lemongrass, healthy",0.82
R31D5,R31,Mango Sticky Rice,8.0,9,"dessert, sweet, fruit",0.71
R31D6,R31,Spicy Tom Yum Soup,13.44,13,"healthy, lemongrass, soup, spicy",0.81
R31D7,R31,Spicy Tom Yum Soup,11.07,17,"healthy, lemongrass, soup, spicy",0.87
R31D8,R31,Spicy Tom Yum Soup,10.59,12,"healthy, lemongrass, soup, spicy",0.85
R31D9,R31,Spicy Tom Yum Soup,12.64,19,"healthy, lemongrass, soup, spicy",0.99
R31D10,R31,Spicy Mango Sticky Rice,6.89,0,"dessert, fruit, spicy, sweet",0.98
R31D11,R31,Spicy Tom Yum Soup,12.79,19,"healthy, lemongrass, soup, spicy",0.9
R31D12,R31,Spicy Mango Sticky Rice,8.57,2,"dessert, fruit, spicy, sweet",0.9
R31D13,R31,Spicy Green Curry,16.77,30,"coconut, curry, spicy, vegan_option",0.93
R31D14,R31,Spicy Pad Thai,14.42,18,"noodles, peanut, spicy, sweet",0.71
R31D15,R31,Spicy Green Curry,16.23,25,"coconut, curry, spicy, vegan_option",0.77
R31D16,R31,Spicy Pad Thai,13.22,21,"noodles, peanut, spicy, sweet",0.71
R31D17,R31,Spicy Pad Thai,14.12,16,"noodles, peanut, spicy, sweet",0.73
R31D18,R31,Spicy Drunken Noodles,16.36,15,"chili, noodles, spicy",0.68
R31D19,R31,Spicy Mango Sticky Rice,9.44,5,"dessert, fruit, spicy, sweet",0.61
R31D20,R31,Spicy Pad Thai,13.8,14,"noodles, peanut, spicy, sweet",0.66
R32D1,R32,Classic Margherita Pizza,19.99,25,"pizza, cheese, quick",0.62
R32D2,R32,Spaghetti Carbonara,18.0,23,"pasta, creamy, pork",0.74
R32D3,R32,Lasagna Bolognese,21.5,31,"pasta, beef, rich, entree",0.83
R32D4,R32,Tiramisu,9.0,5,"dessert, coffee, sweet",0.69
R32D5,R32,Garlic Knots,7.5,7,"bread, side, appetizer",0.97
R32D6,R32,Spicy Garlic Knots,7.13,13,"appetizer, bread, side, spicy",0.61
R32D7,R32,Spicy Tiramisu,8.35,9,"coffee, dessert, spicy, sweet",0.67
R32D8,R32,Spicy Garlic Knots,7.85,14,"appetizer, bread, side, spicy",0.69
R32D9,R32,Spicy Lasagna Bolognese,21.86,26,"beef, entree, pasta, rich, spicy",0.9
R32D10,R32,Spicy Lasagna Bolognese,21.29,30,"beef, entree, pasta, rich, spicy",0.92
R32D11,R32,Spicy Garlic Knots,7.56,13,"appetizer, bread, side, spicy",0.88
R32D12,R32,Spicy Spaghetti Carbonara,17.32,22,"creamy, pasta, pork, spicy",0.91
R32D13,R32,Spicy Spaghetti Carbonara,17.76,21,"creamy, pasta, pork, spicy",0.85
R32D14,R32,Spicy Spaghetti Carbonara,17.01,16,"creamy, pasta, pork, spicy",0.97
R32D15,R32,Custom Classic Margherita Pizza,20.56,20,"cheese, custom, pizza, quick",0.63
R32D16,R32,Spicy Spaghetti Carbonara,19.1,20,"creamy, pasta, pork, spicy",0.98
R32D17,R32,Spicy Tiramisu,9.82,3,"coffee, dessert, spicy, sweet",0.74
R32D18,R32,Spicy Garlic Knots,8.4,6,"appetizer, bread, side, spicy",0.9
R32D19,R32,Spicy Spaghetti Carbonara,17.97,19,"creamy, pasta, pork, spicy",0.88
R32D20,R32,Spicy Tiramisu,9.91,7,"coffee, dessert, spicy, sweet",0.88
R33D1,R33,Al Pastor Taco,4.0,7,"taco, quick, spicy, pork",0.9
R33D2,R33,Carnitas Burrito,12.0,12,"burrito, rice, beans, entree",0.98
R33D3,R33,Quesadilla Suprema,10.5,11,"cheese, chicken, quick",0.64
R33D4,R33,Chips & Guacamole,8.5,10,"appetizer, dip, vegetarian",0.91
R33D5,R33,Veggie Fajita Bowl,15.0,18,"healthy, vegan, keto, entree",0.73
R33D6,R33,Spicy Chips & Guacamole,8.88,9,"appetizer, dip, spicy, vegetarian",0.91
R33D7,R33,Spicy Chips & Guacamole,8.55,10,"appetizer, dip, spicy, vegetarian",0.68
R33D8,R33,Spicy Chips & Guacamole,9.35,7,"appetizer, dip, spicy, vegetarian",0.88
R33D9,R33,Spicy Veggie Fajita Bowl,14.92,12,"entree, healthy, keto, spicy, vegan",0.65
R33D10,R33,Spicy Chips & Guacamole,9.45,7,"appetizer, dip, spicy, vegetarian",0.8
R33D11,R33,Spicy Quesadilla Suprema,9.46,9,"cheese, chicken, quick, spicy",0.97
R33D12,R33,Spicy Quesadilla Suprema,10.09,9,"cheese, chicken, quick, spicy",0.69
R33D13,R33,Spicy Al Pastor Taco,4.17,3,"pork, quick, spicy, taco",0.96
R33D14,R33,Spicy Chips & Guacamole,7.18,0,"appetizer, dip, spicy, vegetarian",0.64
R33D15,R33,Spicy Veggie Fajita Bowl,14.04,11,"entree, healthy, keto, spicy, vegan",0.99
R33D16,R33,Spicy Chips & Guacamole,8.85,8,"appetizer, dip, spicy, vegetarian",0.73
R33D17,R33,Spicy Carnitas Burrito,10.99,10,"beans, burrito, entree, rice, spicy",0.87
R33D18,R33,Spicy Al Pastor Taco,2.91,5,"pork, quick, spicy, taco",0.65
R33D19,R33,Spicy Veggie Fajita Bowl,16.38,19,"entree, healthy, keto, spicy, vegan",0.7
R33D20,R33,Spicy Chips & Guacamole,8.78,3,"appetizer, dip, spicy, vegetarian",0.72
R34D1,R34,The Signature Burger,14.0,23,"burger, beef, entree",0.76
R34D2,R34,Mushroom Swiss Burger,15.5,24,"burger, cheese, classic",0.74
R34D3,R34,Classic Fries,5.0,5,"side, quick, comfort_food",0.83
R34D4,R34,Milkshake (Chocolate),7.0,1,"drink, dessert, sweet",0.62
R34D5,R34,Chicken Tenders,11.0,19,"fried, chicken, quick",0.62
R34D6,R34,The Signature Veggie Burger,14.95,17,"burger, entree, vegan",0.87
R34D7,R34,Spicy Milkshake (Chocolate),7.07,8,"dessert, drink, spicy, sweet",0.94
R34D8,R34,The Signature Veggie Burger,15.17,17,"burger, entree, vegan",0.71
R34D9,R34,Spicy Milkshake (Chocolate),6.26,4,"dessert, drink, spicy, sweet",0.66
R34D10,R34,Mushroom Swiss Veggie Burger,16.3,21,"burger, cheese, classic",0.65
R34D11,R34,The Signature Veggie Burger,12.88,22,"burger, entree, vegan",0.81
R34D12,R34,Spicy Classic Fries,5.02,6,"comfort_food, quick, side, spicy",0.71
R34D13,R34,Spicy Milkshake (Chocolate),8.31,6,"dessert, drink, spicy, sweet",0.94
R34D14,R34,Shrimp Tenders,12.28,18,"fried, quick, seafood",0.69
R34D15,R34,Spicy Milkshake (Chocolate),5.73,8,"dessert, drink, spicy, sweet",0.61
R34D16,R34,Shrimp Tenders,12.37,20,"fried, quick, seafood",0.93
R34D17,R34,Spicy Milkshake (Chocolate),7.41,10,"dessert, drink, spicy, sweet",0.81
R34D18,R34,Shrimp Tenders,12.3,16,"fried, quick, seafood",0.77
R34D19,R34,Spicy Milkshake (Chocolate),5.63,4,"dessert, drink, spicy, sweet",0.72
R34D20,R34,Mushroom Swiss Veggie Burger,16.03,18,"burger, cheese, classic",0.98
R35D1,R35,Butter Chicken,19.5,29,"curry, chicken, creamy, sweet",0.87
R35D2,R35,Chicken Tikka Masala,18.99,23,"curry, spicy, chicken, entree",0.68
R35D3,R35,Garlic Naan,4.0,11,"bread, side, quick",0.74
R35D4,R35,Saag Paneer,16.5,21,"curry, vegetarian, spinach, cheese",0.82
R35D5,R35,Vegetable Samosas,6.0,7,"appetizer, fried, vegetarian",0.92
R35D6,R35,Shrimp Tikka Masala,19.3,30,"curry, entree, seafood, spicy",0.66
R35D7,R35,Butter Shrimp,18.07,29,"creamy, curry, seafood, sweet",0.65
R35D8,R35,Spicy Garlic Naan,3.17,9,"bread, quick, side, spicy",0.7
R35D9,R35,Shrimp Tikka Masala,18.1,29,"curry, entree, seafood, spicy",0.9
R35D10,R35,Spicy Garlic Naan,3.08,8,"bread, quick, side, spicy",0.8
R35D11,R35,Spicy Saag Paneer,15.96,25,"cheese, curry, spicy, spinach, vegetarian",0.92
R35D12,R35,Butter Shrimp,18.65,29,"creamy, curry, seafood, sweet",0.78
R35D13,R35,Butter Shrimp,18.29,21,"creamy, curry, seafood, sweet",0.94
R35D14,R35,Spicy Vegetable Samosas,4.68,8,"appetizer, fried, spicy, vegetarian",0.86
R35D15,R35,Spicy Vegetable Samosas,7.04,9,"appetizer, fried, spicy, vegetarian",0.95
R35D16,R35,Spicy Vegetable Samosas,6.46,8,"appetizer, fried, spicy, vegetarian",0.74
R35D17,R35,Spicy Garlic Naan,5.03,6,"bread, quick, side, spicy",0.88
R35D18,R35,Spicy Vegetable Samosas,6.53,8,"appetizer, fried, spicy, vegetarian",0.96
R35D19,R35,Shrimp Tikka Masala,17.53,28,"curry, entree, seafood, spicy",0.72
R35D20,R35,Butter Shrimp,18.56,24,"creamy, curry, seafood, sweet",0.89
R36D1,R36,General Tso's Chicken,14.99,19,"chinese, fried, sweet, spicy, entree",0.69
R36D2,R36,Shrimp Lo Mein,13.5,14,"chinese, noodles, seafood, quick",0.8
R36D3,R36,Beef with Broccoli,16.0,19,"chinese, beef, healthy, entree",0.75
R36D4,R36,Spring Rolls (Veg),5.5,10,"appetizer, fried, vegetarian",0.88
R36D5,R36,Pork Fried Rice,12.0,6,"rice, pork, quick",0.98
R36D6,R36,Spicy Beef with Broccoli,16.7,18,"beef, chinese, entree, healthy, spicy",0.64
R36D7,R36,Spicy Shrimp Lo Mein,12.09,11,"chinese, noodles, quick, seafood, spicy",0.62
R36D8,R36,Spicy Spring Rolls (Veg),5.56,12,"appetizer, fried, spicy, vegetarian",0.97
R36D9,R36,Spicy Spring Rolls (Veg),4.42,5,"appetizer, fried, spicy, vegetarian",0.63
R36D10,R36,General Tso's Shrimp,14.55,14,"chinese, entree, fried, spicy, sweet",0.68
R36D11,R36,Spicy Pork Fried Rice,11.22,13,"pork, quick, rice, spicy",0.61
R36D12,R36,General Tso's Shrimp,15.82,15,"chinese, entree, fried, spicy, sweet",0.84
R36D13,R36,General Tso's Shrimp,14.06,17,"chinese, entree, fried, spicy, sweet",0.9
R36D14,R36,Spicy Spring Rolls (Veg),5.9,4,"appetizer, fried, spicy, vegetarian",0.82
R36D15,R36,Spicy Pork Fried Rice,12.8,9,"pork, quick, rice, spicy",0.79
R36D16,R36,Spicy Spring Rolls (Veg),5.07,13,"appetizer, fried, spicy, vegetarian",0.9
R36D17,R36,Spicy Beef with Broccoli,15.82,21,"beef, chinese, entree, healthy, spicy",0.69
R36D18,R36,General Tso's Shrimp,15.6,12,"chinese, entree, fried, spicy, sweet",0.85
R36D19,R36,Spicy Pork Fried Rice,13.49,9,"pork, quick, rice, spicy",0.8
R36D20,R36,Spicy Spring Rolls (Veg),4.03,3,"appetizer, fried, spicy, vegetarian",0.79
R37D1,R37,Spicy Tuna Roll,11.0,5,"sushi, raw, spicy, tuna",0.66
R37D2,R37,Salmon Nigiri (2pc),7.5,10,"sushi, raw, salmon, quick",0.62
R37D3,R37,Tonkotsu Ramen,16.0,21,"noodles, soup, pork, rich",0.74
R37D4,R37,Gyoza (Pork Dumpling),8.0,8,"dumpling, appetizer, quick",0.89
R37D5,R37,California Roll,9.5,15,"sushi, cooked, crab, quick",0.94
R37D6,R37,Spicy Spicy Tuna Roll,11.18,13,"raw, spicy, sushi, tuna",0.82
R37D7,R37,Spicy Salmon Nigiri (2pc),8.53,7,"quick, raw, salmon, spicy, sushi",0.67
R37D8,R37,Spicy Gyoza (Pork Dumpling),8.89,11,"appetizer, dumpling, quick, spicy",0.92
R37D9,R37,Spicy Spicy Tuna Roll,11.79,13,"raw, spicy, sushi, tuna",0.83
R37D10,R37,Spicy Salmon Nigiri (2pc),7.82,10,"quick, raw, salmon, spicy, sushi",0.74
R37D11,R37,Spicy Spicy Tuna Roll,9.62,5,"raw, spicy, sushi, tuna",0.65
R37D12,R37,Spicy Gyoza (Pork Dumpling),8.72,6,"appetizer, dumpling, quick, spicy",0.64
R37D13,R37,Spicy Tonkotsu Ramen,16.66,25,"noodles, pork, rich, soup, spicy",0.88
R37D14,R37,Spicy Spicy Tuna Roll,12.38,10,"raw, spicy, sushi, tuna",0.64
R37D15,R37,Spicy Gyoza (Pork Dumpling),7.11,5,"appetizer, dumpling, quick, spicy",0.72
R37D16,R37,Spicy Tonkotsu Ramen,16.03,19,"noodles, pork, rich, soup, spicy",0.78
R37D17,R37,Spicy Tonkotsu Ramen,15.45,20,"noodles, pork, rich, soup, spicy",0.63
R37D18,R37,Spicy Gyoza (Pork Dumpling),6.73,5,"appetizer, dumpling, quick, spicy",0.82
R37D19,R37,Spicy Tonkotsu Ramen,14.77,19,"noodles, pork, rich, soup, spicy",0.95
R37D20,R37,Spicy Salmon Nigiri (2pc),7.61,5,"quick, raw, salmon, spicy, sushi",0.75
R38D1,R38,Chicken Gyro Sandwich,10.5,11,"mediterranean, sandwich, chicken, quick",0.86
R38D2,R38,Hummus with Pita,6.5,7,"dip, appetizer, vegan",0.93
R38D3,R38,Falafel Plate,14.0,21,"vegetarian, fried, chickpea, entree",0.94
R38D4,R38,Greek Salad,11.0,14,"salad, healthy, vegetarian",0.73
R38D5,R38,Lamb Kebab Plate,22.0,25,"meat, grilled, entree",0.8
R38D6,R38,Shrimp Gyro Sandwich,11.27,18,"mediterranean, quick, sandwich, seafood",0.63
R38D7,R38,Spicy Greek Salad,11.68,13,"healthy, salad, spicy, vegetarian",0.71
R38D8,R38,Spicy Hummus with Pita,7.17,6,"appetizer, dip, spicy, vegan",0.95
R38D9,R38,Spicy Hummus with Pita,5.74,9,"appetizer, dip, spicy, vegan",0.84
R38D10,R38,Spicy Greek Salad,12.09,12,"healthy, salad, spicy, vegetarian",0.89
R38D11,R38,Spicy Hummus with Pita,7.7,6,"appetizer, dip, spicy, vegan",0.72
R38D12,R38,Spicy Lamb Kebab Plate,22.45,21,"entree, grilled, meat, spicy",0.67
R38D13,R38,Spicy Hummus with Pita,6.74,6,"appetizer, dip, spicy, vegan",0.67
R38D14,R38,Spicy Lamb Kebab Plate,20.55,21,"entree, grilled, meat, spicy",0.87
R38D15,R38,Spicy Hummus with Pita,7.45,10,"appetizer, dip, spicy, vegan",0.85
R38D16,R38,Shrimp Gyro Sandwich,10.58,20,"mediterranean, quick, sandwich, seafood",0.85
R38D17,R38,Spicy Greek Salad,12.45,5,"healthy, salad, spicy, vegetarian",0.88
R38D18,R38,Spicy Falafel Plate,14.61,13,"chickpea, entree, fried, spicy, vegetarian",0.68
R38D19,R38,Shrimp Gyro Sandwich,9.55,11,"mediterranean, quick, sandwich, seafood",0.78
R38D20,R38,Spicy Greek Salad,11.85,9,"healthy, salad, spicy, vegetarian",0.95
R39D1,R39,Beef Pho,13.0,21,"vietnamese, soup, noodles, beef, healthy",0.76
R39D2,R39,Veggie Spring Rolls,8.0,11,"appetizer, vegan, quick, fresh",0.72
R39D3,R39,Bun Cha (Pork Noodle),15.5,23,"vietnamese, noodles, pork, grilled",0.91
R39D4,R39,Banh Mi (Chicken),9.0,10,"sandwich, quick, chicken",0.83
R39D5,R39,Vietnamese Iced Coffee,5.0,4,"drink, sweet, cold",0.84
R39D6,R39,Spicy Beef Pho,13.42,25,"beef, healthy, noodles, soup, spicy, vietnamese",0.78
R39D7,R39,Banh Mi (Shrimp),9.86,13,"quick, sandwich, seafood",0.93
R39D8,R39,Spicy Beef Pho,11.72,23,"beef, healthy, noodles, soup, spicy, vietnamese",0.92
R39D9,R39,Spicy Veggie Spring Rolls,9.08,13,"appetizer, fresh, quick, spicy, vegan",0.9
R39D10,R39,Spicy Veggie Spring Rolls,7.72,7,"appetizer, fresh, quick, spicy, vegan",0.86
R39D11,R39,Spicy Bun Cha (Pork Noodle),16.55,23,"grilled, noodles, pork, spicy, vietnamese",0.84
R39D12,R39,Spicy Vietnamese Iced Coffee,4.71,10,"cold, drink, spicy, sweet",0.75
R39D13,R39,Spicy Bun Cha (Pork Noodle),14.58,19,"grilled, noodles, pork, spicy, vietnamese",0.68
R39D14,R39,Banh Mi (Shrimp),9.83,10,"quick, sandwich, seafood",0.97
R39D15,R39,Spicy Bun Cha (Pork Noodle),16.68,25,"grilled, noodles, pork, spicy, vietnamese",0.86
R39D16,R39,Spicy Vietnamese Iced Coffee,4.55,10,"cold, drink, spicy, sweet",0.81
R39D17,R39,Spicy Vietnamese Iced Coffee,4.71,6,"cold, drink, spicy, sweet",0.88
R39D18,R39,Spicy Bun Cha (Pork Noodle),14.7,27,"grilled, noodles, pork, spicy, vietnamese",0.82
R39D19,R39,Spicy Beef Pho,13.39,22,"beef, healthy, noodles, soup, spicy, vietnamese",0.64
R39D20,R39,Banh Mi (Shrimp),9.07,14,"quick, sandwich, seafood",0.74
R40D1,R40,Tofu Veggie Bowl,14.0,6,"vegan, healthy, tofu, gluten-free",0.62
R40D2,R40,Beyond Meat Burger,16.0,18,"vegan, burger, plant_based, entree",0.95
R40D3,R40,Acai Smoothie,9.0,9,"drink, fruit, healthy, quick",0.67
R40D4,R40,Lentil Soup,8.0,9,"soup, vegan, healthy, comfort_food",0.82
R40D5,R40,Kale Caesar Salad (Vegan),12.0,14,"salad, vegan, healthy",0.67
R40D6,R40,Spicy Tofu Veggie Bowl,13.03,7,"gluten-free, healthy, spicy, tofu, vegan",0.97
R40D7,R40,Spicy Acai Smoothie,9.94,2,"drink, fruit, healthy, quick, spicy",0.96
R40D8,R40,Spicy Acai Smoothie,7.95,9,"drink, fruit, healthy, quick, spicy",0.9
R40D9,R40,Spicy Acai Smoothie,9.16,7,"drink, fruit, healthy, quick, spicy",0.91
R40D10,R40,Spicy Lentil Soup,6.89,10,"comfort_food, healthy, soup, spicy, vegan",0.9
R40D11,R40,Spicy Lentil Soup,8.84,13,"comfort_food, healthy, soup, spicy, vegan",0.78
R40D12,R40,Spicy Lentil Soup,6.88,5,"comfort_food, healthy, soup, spicy, vegan",0.93
R40D13,R40,Spicy Acai Smoothie,8.45,1,"drink, fruit, healthy, quick, spicy",0.96
R40D14,R40,Spicy Tofu Veggie Bowl,12.78,15,"gluten-free, healthy, spicy, tofu, vegan",0.88
R40D15,R40,Beyond Meat Veggie Burger,16.77,18,"burger, entree, plant_based, vegan",0.83
R40D16,R40,Spicy Lentil Soup,6.81,14,"comfort_food, healthy, soup, spicy, vegan",0.95
R40D17,R40,Spicy Kale Caesar Salad (Vegan),13.04,13,"healthy, salad, spicy, vegan",0.79
R40D18,R40,Spicy Acai Smoothie,8.12,8,"drink, fruit, healthy, quick, spicy",0.75
R40D19,R40,Spicy Lentil Soup,7.45,15,"comfort_food, healthy, soup, spicy, vegan",0.7
R40D20,R40,Spicy Tofu Veggie Bowl,15.05,10,"gluten-free, healthy, spicy, tofu, vegan",0.74
R41D1,R41,Pad Thai,14.5,20,"noodles, peanut, sweet",0.9
R41D2,R41,Green Curry,16.5,29,"spicy, curry, coconut, vegan_option",0.68
R41D3,R41,Drunken Noodles,15.99,16,"spicy, noodles, chili",0.89
R41D4,R41,Tom Yum Soup,12.0,20,"soup, spicy, lemongrass, healthy",0.96
R41D5,R41,Mango Sticky Rice,8.0,3,"dessert, sweet, fruit",0.95
R41D6,R41,Spicy Green Curry,16.84,30,"coconut, curry, spicy, vegan_option",0.74
R41D7,R41,Spicy Green Curry,16.1,25,"coconut, curry, spicy, vegan_option",0.65
R41D8,R41,Spicy Green Curry,17.97,23,"coconut, curry, spicy, vegan_option",0.85
R41D9,R41,Spicy Green Curry,16.82,28,"coconut, curry, spicy, vegan_option",0.76
R41D10,R41,Spicy Pad Thai,14.1,13,"noodles, peanut, spicy, sweet",0.87
R41D11,R41,Spicy Green Curry,15.7,21,"coconut, curry, spicy, vegan_option",0.83
R41D12,R41,Spicy Pad Thai,13.06,23,"noodles, peanut, spicy, sweet",0.94
R41D13,R41,Spicy Mango Sticky Rice,9.38,1,"dessert, fruit, spicy, sweet",0.63
R41D14,R41,Spicy Pad Thai,13.13,17,"noodles, peanut, spicy, sweet",0.7
R41D15,R41,Spicy Tom Yum Soup,11.36,13,"healthy, lemongrass, soup, spicy",0.67
R41D16,R41,Spicy Green Curry,15.4,27,"coconut, curry, spicy, vegan_option",0.65
R41D17,R41,Spicy Green Curry,16.78,30,"coconut, curry, spicy, vegan_option",0.91
R41D18,R41,Spicy Green Curry,16.58,29,"coconut, curry, spicy, vegan_option",0.84
R41D19,R41,Spicy Pad Thai,13.01,14,"noodles, peanut, spicy, sweet",0.97
R41D20,R41,Spicy Tom Yum Soup,13.44,11,"healthy, lemongrass, soup, spicy",0.7
R42D1,R42,Classic Margherita Pizza,19.99,22,"pizza, cheese, quick",0.95
R42D2,R42,Spaghetti Carbonara,18.0,18,"pasta, creamy, pork",0.6
R42D3,R42,Lasagna Bolognese,21.5,27,"pasta, beef, rich, entree",0.87
R42D4,R42,Tiramisu,9.0,9,"dessert, coffee, sweet",0.88
R42D5,R42,Garlic Knots,7.5,13,"bread, side, appetizer",0.77
R42D6,R42,Spicy Garlic Knots,8.93,14,"appetizer, bread, side, spicy",0.63
R42D7,R42,Spicy Spaghetti Carbonara,16.96,18,"creamy, pasta, pork, spicy",0.79
R42D8,R42,Custom Classic Margherita Pizza,20.52,29,"cheese, custom, pizza, quick",0.66
R42D9,R42,Spicy Lasagna Bolognese,21.38,33,"beef, entree, pasta, rich, spicy",0.81
R42D10,R42,Spicy Garlic Knots,6.01,10,"appetizer, bread, side, spicy",0.89
R42D11,R42,Spicy Tiramisu,8.85,7,"coffee, dessert, spicy, sweet",0.65
R42D12,R42,Spicy Garlic Knots,8.36,14,"appetizer, bread, side, spicy",0.68
R42D13,R42,Spicy Garlic Knots,6.09,12,"appetizer, bread, side, spicy",0.95
R42D14,R42,Spicy Garlic Knots,6.94,11,"appetizer, bread, side, spicy",0.62
R42D15,R42,Spicy Spaghetti Carbonara,18.02,17,"creamy, pasta, pork, spicy",0.68
R42D16,R42,Spicy Lasagna Bolognese,21.01,29,"beef, entree, pasta, rich, spicy",0.94
R42D17,R42,Custom Classic Margherita Pizza,20.11,29,"cheese, custom, pizza, quick",0.89
R42D18,R42,Spicy Garlic Knots,7.0,5,"appetizer, bread, side, spicy",0.93
R42D19,R42,Spicy Garlic Knots,6.19,10,"appetizer, bread, side, spicy",0.78
R42D20,R42,Spicy Lasagna Bolognese,20.55,34,"beef, entree, pasta, rich, spicy",0.88
R43D1,R43,Al Pastor Taco,4.0,6,"taco, quick, spicy, pork",0.85
R43D2,R43,Carnitas Burrito,12.0,14,"burrito, rice, beans, entree",0.65
R43D3,R43,Quesadilla Suprema,10.5,11,"cheese, chicken, quick",0.61
R43D4,R43,Chips & Guacamole,8.5,4,"appetizer, dip, vegetarian",0.68
R43D5,R43,Veggie Fajita Bowl,15.0,19,"healthy, vegan, keto, entree",0.99
R43D6,R43,Spicy Carnitas Burrito,10.58,11,"beans, burrito, entree, rice, spicy",0.71
R43D7,R43,Spicy Al Pastor Taco,4.09,9,"pork, quick, spicy, taco",0.79
R43D8,R43,Spicy Quesadilla Suprema,10.26,13,"cheese, chicken, quick, spicy",0.83
R43D9,R43,Spicy Al Pastor Taco,5.14,5,"pork, quick, spicy, taco",0.84
R43D10,R43,Spicy Al Pastor Taco,4.98,13,"pork, quick, spicy, taco",0.9
R43D11,R43,Spicy Veggie Fajita Bowl,14.94,17,"entree, healthy, keto, spicy, vegan",0.86
R43D12,R43,Spicy Veggie Fajita Bowl,16.38,18,"entree, healthy, keto, spicy, vegan",0.96
R43D13,R43,Spicy Quesadilla Suprema,9.84,15,"cheese, chicken, quick, spicy",0.64
R43D14,R43,Spicy Veggie Fajita Bowl,15.98,15,"entree, healthy, keto, spicy, vegan",0.82
R43D15,R43,Spicy Al Pastor Taco,4.55,4,"pork, quick, spicy, taco",0.88
R43D16,R43,Spicy Quesadilla Suprema,10.36,12,"cheese, chicken, quick, spicy",0.88
R43D17,R43,Spicy Carnitas Burrito,10.62,7,"beans, burrito, entree, rice, spicy",0.9
R43D18,R43,Spicy Al Pastor Taco,2.93,10,"pork, quick, spicy, taco",0.9
R43D19,R43,Spicy Chips & Guacamole,7.69,0,"appetizer, dip, spicy, vegetarian",0.77
R43D20,R43,Spicy Carnitas Burrito,12.71,15,"beans, burrito, entree, rice, spicy",0.7
R44D1,R44,The Signature Burger,14.0,21,"burger, beef, entree",0.63
R44D2,R44,Mushroom Swiss Burger,15.5,23,"burger, cheese, classic",0.86
R44D3,R44,Classic Fries,5.0,13,"side, quick, comfort_food",0.96
R44D4,R44,Milkshake (Chocolate),7.0,1,"drink, dessert, sweet",0.69
R44D5,R44,Chicken Tenders,11.0,20,"fried, chicken, quick",0.67
R44D6,R44,Spicy Classic Fries,6.24,6,"comfort_food, quick, side, spicy",0.92
R44D7,R44,Shrimp Tenders,12.43,12,"fried, quick, seafood",0.79
R44D8,R44,The Signature Veggie Burger,14.85,19,"burger, entree, vegan",0.72
R44D9,R44,Spicy Classic Fries,4.7,15,"comfort_food, quick, side, spicy",0.65
R44D10,R44,Spicy Classic Fries,4.4,6,"comfort_food, quick, side, spicy",0.78
R44D11,R44,Shrimp Tenders,10.18,17,"fried, quick, seafood",0.76
R44D12,R44,Shrimp Tenders,10.4,10,"fried, quick, seafood",0.86
R44D13,R44,Mushroom Swiss Veggie Burger,14.49,22,"burger, cheese, classic",0.68
R44D14,R44,Shrimp Tenders,11.79,15,"fried, quick, seafood",0.97
R44D15,R44,Spicy Classic Fries,4.3,10,"comfort_food, quick, side, spicy",0.6
R44D16,R44,The Signature Veggie Burger,14.33,14,"burger, entree, vegan",0.8
R44D17,R44,The Signature Veggie Burger,13.5,17,"burger, entree, vegan",0.9
R44D18,R44,Spicy Milkshake (Chocolate),6.93,8,"dessert, drink, spicy, sweet",0.61
R44D19,R44,The Signature Veggie Burger,13.67,19,"burger, entree, vegan",0.86
R44D20,R44,The Signature Veggie Burger,12.75,23,"burger, entree, vegan",0.73
R45D1,R45,Butter Chicken,19.5,29,"curry, chicken, creamy, sweet",0.97
R45D2,R45,Chicken Tikka Masala,18.99,20,"curry, spicy, chicken, entree",0.61
R45D3,R45,Garlic Naan,4.0,11,"bread, side, quick",0.75
R45D4,R45,Saag Paneer,16.5,24,"curry, vegetarian, spinach, cheese",0.82
R45D5,R45,Vegetable Samosas,6.0,15,"appetizer, fried, vegetarian",0.89
R45D6,R45,Shrimp Tikka Masala,18.97,26,"curry, entree, seafood, spicy",0.86
R45D7,R45,Spicy Vegetable Samosas,4.95,14,"appetizer, fried, spicy, vegetarian",0.64
R45D8,R45,Spicy Garlic Naan,4.31,9,"bread, quick, side, spicy",0.62
R45D9,R45,Shrimp Tikka Masala,20.29,29,"curry, entree, seafood, spicy",0.67
R45D10,R45,Spicy Vegetable Samosas,7.15,12,"appetizer, fried, spicy, vegetarian",0.92
R45D11,R45,Shrimp Tikka Masala,19.55,27,"curry, entree, seafood, spicy",0.89
R45D12,R45,Butter Shrimp,18.06,28,"creamy, curry, seafood, sweet",0.67
R45D13,R45,Spicy Saag Paneer,16.08,17,"cheese, curry, spicy, spinach, vegetarian",0.82
R45D14,R45,Spicy Vegetable Samosas,6.43,10,"appetizer, fried, spicy, vegetarian",0.66
R45D15,R45,Spicy Garlic Naan,4.69,6,"bread, quick, side, spicy",0.87
R45D16,R45,Butter Shrimp,18.51,26,"creamy, curry, seafood, sweet",0.89
R45D17,R45,Spicy Garlic Naan,3.31,3,"bread, quick, side, spicy",0.97
R45D18,R45,Spicy Saag Paneer,16.33,23,"cheese, curry, spicy, spinach, vegetarian",0.71
R45D19,R45,Spicy Garlic Naan,4.11,10,"bread, quick, side, spicy",0.8
R45D20,R45,Shrimp Tikka Masala,18.32,29,"curry, entree, seafood, spicy",0.66
R46D1,R46,General Tso's Chicken,14.99,19,"chinese, fried, sweet, spicy, entree",0.67
R46D2,R46,Shrimp Lo Mein,13.5,12,"chinese, noodles, seafood, quick",0.91
R46D3,R46,Beef with Broccoli,16.0,15,"chinese, beef, healthy, entree",0.81
R46D4,R46,Spring Rolls (Veg),5.5,10,"appetizer, fried, vegetarian",0.77
R46D5,R46,Pork Fried Rice,12.0,10,"rice, pork, quick",0.77
R46D6,R46,Spicy Shrimp Lo Mein,12.42,17,"chinese, noodles, quick, seafood, spicy",0.76
R46D7,R46,Spicy Spring Rolls (Veg),6.72,12,"appetizer, fried, spicy, vegetarian",0.94
R46D8,R46,Spicy Shrimp Lo Mein,14.64,10,"chinese, noodles, quick, seafood, spicy",0.74
R46D9,R46,Spicy Beef with Broccoli,17.14,17,"beef, chinese, entree, healthy, spicy",0.68
R46D10,R46,Spicy Pork Fried Rice,11.29,12,"pork, quick, rice, spicy",0.97
R46D11,R46,Spicy Spring Rolls (Veg),6.18,10,"appetizer, fried, spicy, vegetarian",0.91
R46D12,R46,Spicy Pork Fried Rice,11.92,10,"pork, quick, rice, spicy",0.69
R46D13,R46,General Tso's Shrimp,14.37,15,"chinese, entree, fried, spicy, sweet",0.74
R46D14,R46,General Tso's Shrimp,16.12,11,"chinese, entree, fried, spicy, sweet",0.83
R46D15,R46,Spicy Pork Fried Rice,10.92,9,"pork, quick, rice, spicy",0.79
R46D16,R46,Spicy Pork Fried Rice,11.37,8,"pork, quick, rice, spicy",0.94
R46D17,R46,Spicy Beef with Broccoli,14.68,16,"beef, chinese, entree, healthy, spicy",0.74
R46D18,R46,Spicy Pork Fried Rice,12.92,5,"pork, quick, rice, spicy",0.85
R46D19,R46,Spicy Beef with Broccoli,14.89,18,"beef, chinese, entree, healthy, spicy",0.85
R46D20,R46,General Tso's Shrimp,14.06,16,"chinese, entree, fried, spicy, sweet",0.67
R47D1,R47,Spicy Tuna Roll,11.0,13,"sushi, raw, spicy, tuna",0.69
R47D2,R47,Salmon Nigiri (2pc),7.5,3,"sushi, raw, salmon, quick",0.84
R47D3,R47,Tonkotsu Ramen,16.0,18,"noodles, soup, pork, rich",0.94
R47D4,R47,Gyoza (Pork Dumpling),8.0,8,"dumpling, appetizer, quick",0.67
R47D5,R47,California Roll,9.5,9,"sushi, cooked, crab, quick",0.68
R47D6,R47,Spicy Gyoza (Pork Dumpling),7.62,5,"appetizer, dumpling, quick, spicy",0.91
R47D7,R47,Spicy Tonkotsu Ramen,15.5,15,"noodles, pork, rich, soup, spicy",0.64
R47D8,R47,Spicy Tonkotsu Ramen,14.73,25,"noodles, pork, rich, soup, spicy",0.92
R47D9,R47,Spicy Salmon Nigiri (2pc),7.88,6,"quick, raw, salmon, spicy, sushi",0.61
R47D10,R47,Spicy Salmon Nigiri (2pc),6.32,5,"quick, raw, salmon, spicy, sushi",0.67
R47D11,R47,Spicy Gyoza (Pork Dumpling),7.19,14,"appetizer, dumpling, quick, spicy",0.99
R47D12,R47,Spicy California Roll,10.47,8,"cooked, crab, quick, spicy, sushi",0.71
R47D13,R47,Spicy Tonkotsu Ramen,16.93,15,"noodles, pork, rich, soup, spicy",0.95
R47D14,R47,Spicy Gyoza (Pork Dumpling),8.99,15,"appetizer, dumpling, quick, spicy",0.71
R47D15,R47,Spicy Gyoza (Pork Dumpling),7.39,9,"appetizer, dumpling, quick, spicy",0.66
R47D16,R47,Spicy Salmon Nigiri (2pc),7.33,6,"quick, raw, salmon, spicy, sushi",0.92
R47D17,R47,Spicy Tonkotsu Ramen,14.69,19,"noodles, pork, rich, soup, spicy",0.61
R47D18,R47,Spicy Tonkotsu Ramen,17.44,20,"noodles, pork, rich, soup, spicy",0.92
R47D19,R47,Spicy Gyoza (Pork Dumpling),7.1,7,"appetizer, dumpling, quick, spicy",0.79
R47D20,R47,Spicy Gyoza (Pork Dumpling),6.99,14,"appetizer, dumpling, quick, spicy",0.99
R48D1,R48,Chicken Gyro Sandwich,10.5,12,"mediterranean, sandwich, chicken, quick",0.92
R48D2,R48,Hummus with Pita,6.5,3,"dip, appetizer, vegan",0.67
R48D3,R48,Falafel Plate,14.0,20,"vegetarian, fried, chickpea, entree",0.69
R48D4,R48,Greek Salad,11.0,9,"salad, healthy, vegetarian",0.88
R48D5,R48,Lamb Kebab Plate,22.0,21,"meat, grilled, entree",0.91
R48D6,R48,Spicy Lamb Kebab Plate,21.46,21,"entree, grilled, meat, spicy",0.99
R48D7,R48,Spicy Hummus with Pita,7.48,0,"appetizer, dip, spicy, vegan",0.9
R48D8,R48,Spicy Lamb Kebab Plate,21.82,28,"entree, grilled, meat, spicy",0.94
R48D9,R48,Spicy Lamb Kebab Plate,22.81,28,"entree, grilled, meat, spicy",0.95
R48D10,R48,Spicy Hummus with Pita,7.76,10,"appetizer, dip, spicy, vegan",0.84
R48D11,R48,Spicy Hummus with Pita,6.94,0,"appetizer, dip, spicy, vegan",0.92
R48D12,R48,Spicy Lamb Kebab Plate,21.08,28,"entree, grilled, meat, spicy",0.95
R48D13,R48,Shrimp Gyro Sandwich,9.51,15,"mediterranean, quick, sandwich, seafood",0.91
R48D14,R48,Spicy Greek Salad,10.96,12,"healthy, salad, spicy, vegetarian",0.6
R48D15,R48,Shrimp Gyro Sandwich,9.31,10,"mediterranean, quick, sandwich, seafood",0.69
R48D16,R48,Spicy Greek Salad,9.64,14,"healthy, salad, spicy, vegetarian",0.98
R48D17,R48,Spicy Hummus with Pita,7.62,8,"appetizer, dip, spicy, vegan",0.61
R48D18,R48,Shrimp Gyro Sandwich,9.01,14,"mediterranean, quick, sandwich, seafood",0.87
R48D19,R48,Spicy Greek Salad,10.13,5,"healthy, salad, spicy, vegetarian",0.89
R48D20,R48,Spicy Lamb Kebab Plate,23.43,22,"entree, grilled, meat, spicy",0.78
R49D1,R49,Beef Pho,13.0,18,"vietnamese, soup, noodles, beef, healthy",0.68
R49D2,R49,Veggie Spring Rolls,8.0,9,"appetizer, vegan, quick, fresh",0.86
R49D3,R49,Bun Cha (Pork Noodle),15.5,20,"vietnamese, noodles, pork, grilled",0.75
R49D4,R49,Banh Mi (Chicken),9.0,14,"sandwich, quick, chicken",0.83
R49D5,R49,Vietnamese Iced Coffee,5.0,2,"drink, sweet, cold",0.89
R49D6,R49,Spicy Veggie Spring Rolls,8.2,14,"appetizer, fresh, quick, spicy, vegan",0.86
R49D7,R49,Spicy Beef Pho,11.55,22,"beef, healthy, noodles, soup, spicy, vietnamese",0.69
R49D8,R49,Spicy Bun Cha (Pork Noodle),14.39,25,"grilled, noodles, pork, spicy, vietnamese",0.79
R49D9,R49,Spicy Bun Cha (Pork Noodle),15.56,25,"grilled, noodles, pork, spicy, vietnamese",0.79
R49D10,R49,Spicy Veggie Spring Rolls,8.46,12,"appetizer, fresh, quick, spicy, vegan",0.63
R49D11,R49,Spicy Beef Pho,14.26,22,"beef, healthy, noodles, soup, spicy, vietnamese",0.8
R49D12,R49,Banh Mi (Shrimp),9.39,8,"quick, sandwich, seafood",0.92
R49D13,R49,Spicy Beef Pho,11.84,17,"beef, healthy, noodles, soup, spicy, vietnamese",0.63
R49D14,R49,Spicy Vietnamese Iced Coffee,5.12,10,"cold, drink, spicy, sweet",0.91
R49D15,R49,Spicy Veggie Spring Rolls,6.86,15,"appetizer, fresh, quick, spicy, vegan",0.65
R49D16,R49,Spicy Beef Pho,12.86,15,"beef, healthy, noodles, soup, spicy, vietnamese",0.85
R49D17,R49,Spicy Vietnamese Iced Coffee,6.47,2,"cold, drink, spicy, sweet",0.76
R49D18,R49,Banh Mi (Shrimp),9.42,8,"quick, sandwich, seafood",0.88
R49D19,R49,Spicy Vietnamese Iced Coffee,3.87,2,"cold, drink, spicy, sweet",0.71
R49D20,R49,Spicy Bun Cha (Pork Noodle),15.63,27,"grilled, noodles, pork, spicy, vietnamese",0.75
R50D1,R50,Tofu Veggie Bowl,14.0,10,"vegan, healthy, tofu, gluten-free",0.7
R50D2,R50,Beyond Meat Burger,16.0,14,"vegan, burger, plant_based, entree",0.79
R50D3,R50,Acai Smoothie,9.0,7,"drink, fruit, healthy, quick",0.81
R50D4,R50,Lentil Soup,8.0,14,"soup, vegan, healthy, comfort_food",0.64
R50D5,R50,Kale Caesar Salad (Vegan),12.0,15,"salad, vegan, healthy",0.88
R50D6,R50,Spicy Acai Smoothie,8.46,9,"drink, fruit, healthy, quick, spicy",0.62
R50D7,R50,Spicy Kale Caesar Salad (Vegan),11.76,14,"healthy, salad, spicy, vegan",0.79
R50D8,R50,Spicy Kale Caesar Salad (Vegan),11.16,11,"healthy, salad, spicy, vegan",0.92
R50D9,R50,Spicy Acai Smoothie,9.87,1,"drink, fruit, healthy, quick, spicy",0.86
R50D10,R50,Beyond Meat Veggie Burger,15.72,19,"burger, entree, plant_based, vegan",0.71
R50D11,R50,Spicy Kale Caesar Salad (Vegan),10.64,15,"healthy, salad, spicy, vegan",0.97
R50D12,R50,Spicy Tofu Veggie Bowl,13.45,9,"gluten-free, healthy, spicy, tofu, vegan",0.86
R50D13,R50,Spicy Kale Caesar Salad (Vegan),12.42,12,"healthy, salad, spicy, vegan",0.66
R50D14,R50,Spicy Lentil Soup,8.53,15,"comfort_food, healthy, soup, spicy, vegan",0.94
R50D15,R50,Spicy Tofu Veggie Bowl,15.49,13,"gluten-free, healthy, spicy, tofu, vegan",0.8
R50D16,R50,Spicy Acai Smoothie,10.11,3,"drink, fruit, healthy, quick, spicy",0.71
R50D17,R50,Spicy Tofu Veggie Bowl,14.73,5,"gluten-free, healthy, spicy, tofu, vegan",0.6
R50D18,R50,Spicy Acai Smoothie,10.08,5,"drink, fruit, healthy, quick, spicy",0.98
R50D19,R50,Spicy Acai Smoothie,8.24,2,"drink, fruit, healthy, quick, spicy",0.63
R50D20,R50,Spicy Tofu Veggie Bowl,14.49,13,"gluten-free, healthy, spicy, tofu, vegan",0.82
R51D1,R51,Pad Thai,14.5,14,"noodles, peanut, sweet",0.78
R51D2,R51,Green Curry,16.5,28,"spicy, curry, coconut, vegan_option",0.88
R51D3,R51,Drunken Noodles,15.99,15,"spicy, noodles, chili",0.81
R51D4,R51,Tom Yum Soup,12.0,15,"soup, spicy, lemongrass, healthy",0.83
R51D5,R51,Mango Sticky Rice,8.0,4,"dessert, sweet, fruit",0.7
R51D6,R51,Spicy Green Curry,15.26,25,"coconut, curry, spicy, vegan_option",0.74
R51D7,R51,Spicy Mango Sticky Rice,8.8,7,"dessert, fruit, spicy, sweet",0.68
R51D8,R51,Spicy Green Curry,15.66,24,"coconut, curry, spicy, vegan_option",0.91
R51D9,R51,Spicy Tom Yum Soup,12.38,17,"healthy, lemongrass, soup, spicy",0.67
R51D10,R51,Spicy Drunken Noodles,16.42,21,"chili, noodles, spicy",0.96
R51D11,R51,Spicy Mango Sticky Rice,9.05,8,"dessert, fruit, spicy, sweet",0.61
R51D12,R51,Spicy Drunken Noodles,14.72,21,"chili, noodles, spicy",0.98
R51D13,R51,Spicy Tom Yum Soup,13.47,12,"healthy, lemongrass, soup, spicy",0.83
R51D14,R51,Spicy Green Curry,16.24,22,"coconut, curry, spicy, vegan_option",0.94
R51D15,R51,Spicy Tom Yum Soup,12.62,14,"healthy, lemongrass, soup, spicy",0.98
R51D16,R51,Spicy Tom Yum Soup,12.79,17,"healthy, lemongrass, soup, spicy",0.72
R51D17,R51,Spicy Drunken Noodles,14.86,22,"chili, noodles, spicy",0.7
R51D18,R51,Spicy Green Curry,17.98,27,"coconut, curry, spicy, vegan_option",0.76
R51D19,R51,Spicy Tom Yum Soup,12.72,11,"healthy, lemongrass, soup, spicy",0.8
R51D20,R51,Spicy Mango Sticky Rice,7.56,7,"dessert, fruit, spicy, sweet",0.74
R52D1,R52,Classic Margherita Pizza,19.99,30,"pizza, cheese, quick",0.96
R52D2,R52,Spaghetti Carbonara,18.0,23,"pasta, creamy, pork",0.79
R52D3,R52,Lasagna Bolognese,21.5,30,"pasta, beef, rich, entree",0.67
R52D4,R52,Tiramisu,9.0,1,"dessert, coffee, sweet",0.63
R52D5,R52,Garlic Knots,7.5,6,"bread, side, appetizer",0.93
R52D6,R52,Spicy Garlic Knots,8.8,7,"appetizer, bread, side, spicy",0.65
R52D7,R52,Spicy Lasagna Bolognese,21.09,25,"beef, entree, pasta, rich, spicy",0.85
R52D8,R52,Custom Classic Margherita Pizza,19.94,30,"cheese, custom, pizza, quick",0.92
R52D9,R52,Spicy Lasagna Bolognese,21.56,29,"beef, entree, pasta, rich, spicy",0.82
R52D10,R52,Spicy Lasagna Bolognese,21.0,26,"beef, entree, pasta, rich, spicy",0.66
R52D11,R52,Custom Classic Margherita Pizza,20.76,23,"cheese, custom, pizza, quick",0.67
R52D12,R52,Spicy Lasagna Bolognese,22.53,26,"beef, entree, pasta, rich, spicy",0.76
R52D13,R52,Spicy Spaghetti Carbonara,17.77,20,"creamy, pasta, pork, spicy",0.86
R52D14,R52,Spicy Spaghetti Carbonara,18.37,25,"creamy, pasta, pork, spicy",0.85
R52D15,R52,Spicy Tiramisu,9.78,10,"coffee, dessert, spicy, sweet",0.98
R52D16,R52,Spicy Spaghetti Carbonara,17.73,21,"creamy, pasta, pork, spicy",0.79
R52D17,R52,Spicy Garlic Knots,7.75,9,"appetizer, bread, side, spicy",0.67
R52D18,R52,Spicy Lasagna Bolognese,21.61,34,"beef, entree, pasta, rich, spicy",0.65
R52D19,R52,Spicy Spaghetti Carbonara,17.45,16,"creamy, pasta, pork, spicy",0.89
R52D20,R52,Custom Classic Margherita Pizza,20.37,20,"cheese, custom, pizza, quick",0.64
R53D1,R53,Al Pastor Taco,4.0,4,"taco, quick, spicy, pork",0.65
R53D2,R53,Carnitas Burrito,12.0,13,"burrito, rice, beans, entree",0.65
R53D3,R53,Quesadilla Suprema,10.5,10,"cheese, chicken, quick",0.68
R53D4,R53,Chips & Guacamole,8.5,4,"appetizer, dip, vegetarian",0.73
R53D5,R53,Veggie Fajita Bowl,15.0,16,"healthy, vegan, keto, entree",0.62
R53D6,R53,Spicy Quesadilla Suprema,11.17,13,"cheese, chicken, quick, spicy",0.76
R53D7,R53,Spicy Carnitas Burrito,12.14,9,"beans, burrito, entree, rice, spicy",0.79
R53D8,R53,Spicy Quesadilla Suprema,11.6,7,"cheese, chicken, quick, spicy",0.92
R53D9,R53,Spicy Chips & Guacamole,7.01,4,"appetizer, dip, spicy, vegetarian",0.8
R53D10,R53,Spicy Veggie Fajita Bowl,13.64,18,"entree, healthy, keto, spicy, vegan",0.72
R53D11,R53,Spicy Quesadilla Suprema,9.88,14,"cheese, chicken, quick, spicy",0.76
R53D12,R53,Spicy Chips & Guacamole,8.05,2,"appetizer, dip, spicy, vegetarian",0.88
R53D13,R53,Spicy Quesadilla Suprema,11.65,9,"cheese, chicken, quick, spicy",0.84
R53D14,R53,Spicy Al Pastor Taco,3.19,10,"pork, quick, spicy, taco",0.74
R53D15,R53,Spicy Carnitas Burrito,11.47,14,"beans, burrito, entree, rice, spicy",0.62
R53D16,R53,Spicy Chips & Guacamole,8.57,4,"appetizer, dip, spicy, vegetarian",0.72
R53D17,R53,Spicy Carnitas Burrito,12.58,8,"beans, burrito, entree, rice, spicy",0.88
R53D18,R53,Spicy Chips & Guacamole,7.26,8,"appetizer, dip, spicy, vegetarian",0.97
R53D19,R53,Spicy Quesadilla Suprema,9.17,7,"cheese, chicken, quick, spicy",0.61
R53D20,R53,Spicy Veggie Fajita Bowl,14.32,18,"entree, healthy, keto, spicy, vegan",0.97
R54D1,R54,The Signature Burger,14.0,13,"burger, beef, entree",0.93
R54D2,R54,Mushroom Swiss Burger,15.5,17,"burger, cheese, classic",0.84
R54D3,R54,Classic Fries,5.0,9,"side, quick, comfort_food",0.64
R54D4,R54,Milkshake (Chocolate),7.0,3,"drink, dessert, sweet",0.87
R54D5,R54,Chicken Tenders,11.0,18,"fried, chicken, quick",0.79
R54D6,R54,The Signature Veggie Burger,12.64,23,"burger, entree, vegan",0.64
R54D7,R54,Mushroom Swiss Veggie Burger,16.71,16,"burger, cheese, classic",0.63
R54D8,R54,Shrimp Tenders,10.49,12,"fried, quick, seafood",0.97
R54D9,R54,Spicy Milkshake (Chocolate),8.21,4,"dessert, drink, spicy, sweet",0.92
R54D10,R54,Shrimp Tenders,10.64,11,"fried, quick, seafood",0.79
R54D11,R54,The Signature Veggie Burger,14.66,18,"burger, entree, vegan",0.91
R54D12,R54,Shrimp Tenders,12.24,10,"fried, quick, seafood",0.69
R54D13,R54,Mushroom Swiss Veggie Burger,14.84,21,"burger, cheese, classic",0.88
R54D14,R54,The Signature Veggie Burger,14.79,13,"burger, entree, vegan",0.66
R54D15,R54,Mushroom Swiss Veggie Burger,14.87,15,"burger, cheese, classic",0.85
R54D16,R54,Spicy Classic Fries,3.65,5,"comfort_food, quick, side, spicy",0.92
R54D17,R54,Spicy Classic Fries,5.18,8,"comfort_food, quick, side, spicy",0.64
R54D18,R54,Spicy Classic Fries,5.91,9,"comfort_food, quick, side, spicy",0.89
R54D19,R54,Spicy Milkshake (Chocolate),7.85,1,"dessert, drink, spicy, sweet",0.7
R54D20,R54,Mushroom Swiss Veggie Burger,16.65,17,"burger, cheese, classic",0.97
R55D1,R55,Butter Chicken,19.5,26,"curry, chicken, creamy, sweet",0.9
R55D2,R55,Chicken Tikka Masala,18.99,24,"curry, spicy, chicken, entree",0.68
R55D3,R55,Garlic Naan,4.0,12,"bread, side, quick",0.9
R55D4,R55,Saag Paneer,16.5,25,"curry, vegetarian, spinach, cheese",0.83
R55D5,R55,Vegetable Samosas,6.0,15,"appetizer, fried, vegetarian",0.86
R55D6,R55,Shrimp Tikka Masala,17.6,22,"curry, entree, seafood, spicy",0.71
R55D7,R55,Spicy Saag Paneer,17.55,17,"cheese, curry, spicy, spinach, vegetarian",0.7
R55D8,R55,Shrimp Tikka Masala,18.89,30,"curry, entree, seafood, spicy",0.6
R55D9,R55,Butter Shrimp,18.51,21,"creamy, curry, seafood, sweet",0.97
R55D10,R55,Spicy Saag Paneer,16.32,15,"cheese, curry, spicy, spinach, vegetarian",0.86
R55D11,R55,Butter Shrimp,20.57,22,"creamy, curry, seafood, sweet",0.65
R55D12,R55,Shrimp Tikka Masala,19.78,29,"curry, entree, seafood, spicy",0.68
R55D13,R55,Spicy Saag Paneer,15.42,20,"cheese, curry, spicy, spinach, vegetarian",0.86
R55D14,R55,Spicy Saag Paneer,16.5,19,"cheese, curry, spicy, spinach, vegetarian",0.66
R55D15,R55,Shrimp Tikka Masala,17.6,28,"curry, entree, seafood, spicy",0.77
R55D16,R55,Spicy Saag Paneer,16.37,16,"cheese, curry, spicy, spinach, vegetarian",0.94
R55D17,R55,Spicy Garlic Naan,4.74,6,"bread, quick, side, spicy",0.86
R55D18,R55,Butter Shrimp,20.43,29,"creamy, curry, seafood, sweet",0.8
R55D19,R55,Spicy Garlic Naan,5.44,4,"bread, quick, side, spicy",0.96
R55D20,R55,Butter Shrimp,18.26,26,"creamy, curry, seafood, sweet",0.79
R56D1,R56,General Tso's Chicken,14.99,19,"chinese, fried, sweet, spicy, entree",0.8
R56D2,R56,Shrimp Lo Mein,13.5,16,"chinese, noodles, seafood, quick",0.85
R56D3,R56,Beef with Broccoli,16.0,14,"chinese, beef, healthy, entree",0.68
R56D4,R56,Spring Rolls (Veg),5.5,10,"appetizer, fried, vegetarian",0.97
R56D5,R56,Pork Fried Rice,12.0,12,"rice, pork, quick",0.97
R56D6,R56,General Tso's Shrimp,13.96,15,"chinese, entree, fried, spicy, sweet",0.95
R56D7,R56,Spicy Spring Rolls (Veg),5.38,8,"appetizer, fried, spicy, vegetarian",0.76
R56D8,R56,General Tso's Shrimp,14.69,10,"chinese, entree, fried, spicy, sweet",0.61
R56D9,R56,Spicy Shrimp Lo Mein,14.92,8,"chinese, noodles, quick, seafood, spicy",0.61
R56D10,R56,Spicy Beef with Broccoli,14.66,19,"beef, chinese, entree, healthy, spicy",0.86
R56D11,R56,Spicy Spring Rolls (Veg),5.92,12,"appetizer, fried, spicy, vegetarian",0.86
R56D12,R56,Spicy Shrimp Lo Mein,13.64,13,"chinese, noodles, quick, seafood, spicy",0.76
R56D13,R56,Spicy Shrimp Lo Mein,12.8,11,"chinese, noodles, quick, seafood, spicy",0.98
R56D14,R56,Spicy Pork Fried Rice,11.92,15,"pork, quick, rice, spicy",0.88
R56D15,R56,Spicy Beef with Broccoli,16.55,19,"beef, chinese, entree, healthy, spicy",0.66
R56D16,R56,Spicy Pork Fried Rice,13.07,12,"pork, quick, rice, spicy",0.77
R56D17,R56,Spicy Beef with Broccoli,16.21,19,"beef, chinese, entree, healthy, spicy",0.71
R56D18,R56,Spicy Beef with Broccoli,16.25,15,"beef, chinese, entree, healthy, spicy",0.67
R56D19,R56,Spicy Spring Rolls (Veg),5.14,9,"appetizer, fried, spicy, vegetarian",0.6
R56D20,R56,Spicy Spring Rolls (Veg),5.73,13,"appetizer, fried, spicy, vegetarian",0.8
R57D1,R57,Spicy Tuna Roll,11.0,5,"sushi, raw, spicy, tuna",0.99
R57D2,R57,Salmon Nigiri (2pc),7.5,5,"sushi, raw, salmon, quick",0.71
R57D3,R57,Tonkotsu Ramen,16.0,24,"noodles, soup, pork, rich",0.92
R57D4,R57,Gyoza (Pork Dumpling),8.0,13,"dumpling, appetizer, quick",0.68
R57D5,R57,California Roll,9.5,13,"sushi, cooked, crab, quick",0.8
R57D6,R57,Spicy Gyoza (Pork Dumpling),8.94,5,"appetizer, dumpling, quick, spicy",0.78
R57D7,R57,Spicy California Roll,10.39,6,"cooked, crab, quick, spicy, sushi",0.98
R57D8,R57,Spicy Spicy Tuna Roll,10.11,9,"raw, spicy, sushi, tuna",0.77
R57D9,R57,Spicy Spicy Tuna Roll,10.17,10,"raw, spicy, sushi, tuna",0.81
R57D10,R57,Spicy California Roll,10.36,9,"cooked, crab, quick, spicy, sushi",0.78
R57D11,R57,Spicy California Roll,8.93,15,"cooked, crab, quick, spicy, sushi",0.94
R57D12,R57,Spicy Gyoza (Pork Dumpling),7.87,11,"appetizer, dumpling, quick, spicy",0.76
R57D13,R57,Spicy Tonkotsu Ramen,15.89,18,"noodles, pork, rich, soup, spicy",0.61
R57D14,R57,Spicy California Roll,10.5,8,"cooked, crab, quick, spicy, sushi",0.84
R57D15,R57,Spicy Salmon Nigiri (2pc),7.91,1,"quick, raw, salmon, spicy, sushi",0.61
R57D16,R57,Spicy Salmon Nigiri (2pc),7.54,3,"quick, raw, salmon, spicy, sushi",0.8
R57D17,R57,Spicy Gyoza (Pork Dumpling),9.02,15,"appetizer, dumpling, quick, spicy",0.94
R57D18,R57,Spicy California Roll,10.06,14,"cooked, crab, quick, spicy, sushi",0.66
R57D19,R57,Spicy Salmon Nigiri (2pc),8.99,9,"quick, raw, salmon, spicy, sushi",0.73
R57D20,R57,Spicy Tonkotsu Ramen,16.57,15,"noodles, pork, rich, soup, spicy",0.75
R58D1,R58,Chicken Gyro Sandwich,10.5,14,"mediterranean, sandwich, chicken, quick",0.89
R58D2,R58,Hummus with Pita,6.5,8,"dip, appetizer, vegan",0.63
R58D3,R58,Falafel Plate,14.0,20,"vegetarian, fried, chickpea, entree",0.96
R58D4,R58,Greek Salad,11.0,13,"salad, healthy, vegetarian",0.82
R58D5,R58,Lamb Kebab Plate,22.0,23,"meat, grilled, entree",0.8
R58D6,R58,Spicy Greek Salad,11.76,5,"healthy, salad, spicy, vegetarian",0.98
R58D7,R58,Spicy Lamb Kebab Plate,20.98,21,"entree, grilled, meat, spicy",0.66
R58D8,R58,Spicy Lamb Kebab Plate,23.32,27,"entree, grilled, meat, spicy",0.69
R58D9,R58,Spicy Falafel Plate,15.32,20,"chickpea, entree, fried, spicy, vegetarian",0.96
R58D10,R58,Spicy Greek Salad,10.77,13,"healthy, salad, spicy, vegetarian",0.77
R58D11,R58,Shrimp Gyro Sandwich,11.77,11,"mediterranean, quick, sandwich, seafood",0.91
R58D12,R58,Spicy Lamb Kebab Plate,20.6,23,"entree, grilled, meat, spicy",0.71
R58D13,R58,Spicy Hummus with Pita,7.57,7,"appetizer, dip, spicy, vegan",0.99
R58D14,R58,Spicy Lamb Kebab Plate,21.9,24,"entree, grilled, meat, spicy",0.71
R58D15,R58,Spicy Falafel Plate,13.33,14,"chickpea, entree, fried, spicy, vegetarian",0.71
R58D16,R58,Shrimp Gyro Sandwich,10.05,10,"mediterranean, quick, sandwich, seafood",0.98
R58D17,R58,Shrimp Gyro Sandwich,9.87,20,"mediterranean, quick, sandwich, seafood",0.86
R58D18,R58,Spicy Falafel Plate,13.51,15,"chickpea, entree, fried, spicy, vegetarian",0.78
R58D19,R58,Shrimp Gyro Sandwich,11.8,10,"mediterranean, quick, sandwich, seafood",0.95
R58D20,R58,Shrimp Gyro Sandwich,11.41,18,"mediterranean, quick, sandwich, seafood",0.79
R59D1,R59,Beef Pho,13.0,22,"vietnamese, soup, noodles, beef, healthy",0.66
R59D2,R59,Veggie Spring Rolls,8.0,14,"appetizer, vegan, quick, fresh",0.73
R59D3,R59,Bun Cha (Pork Noodle),15.5,24,"vietnamese, noodles, pork, grilled",0.71
R59D4,R59,Banh Mi (Chicken),9.0,14,"sandwich, quick, chicken",0.87
R59D5,R59,Vietnamese Iced Coffee,5.0,9,"drink, sweet, cold",0.81
R59D6,R59,Banh Mi (Shrimp),7.53,6,"quick, sandwich, seafood",0.62
R59D7,R59,Spicy Beef Pho,14.41,24,"beef, healthy, noodles, soup, spicy, vietnamese",0.87
R59D8,R59,Spicy Veggie Spring Rolls,8.7,7,"appetizer, fresh, quick, spicy, vegan",0.95
R59D9,R59,Spicy Beef Pho,11.97,23,"beef, healthy, noodles, soup, spicy, vietnamese",0.79
R59D10,R59,Banh Mi (Shrimp),8.9,8,"quick, sandwich, seafood",0.74
R59D11,R59,Banh Mi (Shrimp),10.24,13,"quick, sandwich, seafood",0.69
R59D12,R59,Banh Mi (Shrimp),8.61,9,"quick, sandwich, seafood",0.88
R59D13,R59,Banh Mi (Shrimp),10.3,13,"quick, sandwich, seafood",0.79
R59D14,R59,Spicy Vietnamese Iced Coffee,5.96,1,"cold, drink, spicy, sweet",0.69
R59D15,R59,Spicy Beef Pho,13.48,19,"beef, healthy, noodles, soup, spicy, vietnamese",0.72
R59D16,R59,Spicy Bun Cha (Pork Noodle),15.92,27,"grilled, noodles, pork, spicy, vietnamese",0.92
R59D17,R59,Banh Mi (Shrimp),9.16,8,"quick, sandwich, seafood",0.63
R59D18,R59,Spicy Beef Pho,13.64,15,"beef, healthy, noodles, soup, spicy, vietnamese",0.68
R59D19,R59,Spicy Vietnamese Iced Coffee,5.43,1,"cold, drink, spicy, sweet",0.69
R59D20,R59,Spicy Veggie Spring Rolls,7.08,13,"appetizer, fresh, quick, spicy, vegan",0.82
R60D1,R60,Tofu Veggie Bowl,14.0,13,"vegan, healthy, tofu, gluten-free",0.92
R60D2,R60,Beyond Meat Burger,16.0,15,"vegan, burger, plant_based, entree",0.82
R60D3,R60,Acai Smoothie,9.0,2,"drink, fruit, healthy, quick",0.8
R60D4,R60,Lentil Soup,8.0,10,"soup, vegan, healthy, comfort_food",0.76
R60D5,R60,Kale Caesar Salad (Vegan),12.0,5,"salad, vegan, healthy",0.62
R60D6,R60,Spicy Kale Caesar Salad (Vegan),13.23,15,"healthy, salad, spicy, vegan",0.66
R60D7,R60,Spicy Lentil Soup,7.91,15,"comfort_food, healthy, soup, spicy, vegan",0.72
R60D8,R60,Beyond Meat Veggie Burger,16.03,18,"burger, entree, plant_based, vegan",0.85
R60D9,R60,Beyond Meat Veggie Burger,14.86,19,"burger, entree, plant_based, vegan",0.98
R60D10,R60,Beyond Meat Veggie Burger,15.92,14,"burger, entree, plant_based, vegan",0.84
R60D11,R60,Spicy Kale Caesar Salad (Vegan),11.88,7,"healthy, salad, spicy, vegan",0.93
R60D12,R60,Spicy Tofu Veggie Bowl,13.16,12,"gluten-free, healthy, spicy, tofu, vegan",0.73
R60D13,R60,Spicy Tofu Veggie Bowl,14.82,5,"gluten-free, healthy, spicy, tofu, vegan",0.62
R60D14,R60,Spicy Acai Smoothie,8.64,3,"drink, fruit, healthy, quick, spicy",0.92
R60D15,R60,Spicy Acai Smoothie,10.15,7,"drink, fruit, healthy, quick, spicy",0.67
R60D16,R60,Spicy Lentil Soup,8.56,5,"comfort_food, healthy, soup, spicy, vegan",0.87
R60D17,R60,Spicy Acai Smoothie,7.63,3,"drink, fruit, healthy, quick, spicy",0.6
R60D18,R60,Spicy Lentil Soup,7.71,10,"comfort_food, healthy, soup, spicy, vegan",0.97
R60D19,R60,Beyond Meat Veggie Burger,16.86,18,"burger, entree, plant_based, vegan",0.97
R60D20,R60,Beyond Meat Veggie Burger,16.77,17,"burger, entree, plant_based, vegan",0.77
